"id","key","views","likes","comments","created","updated","key_id","name","shares","application_id","original_key","total_activity","type","is_active"
3531724,"",1,0,0,"2012-04-09 19:58:02","2012-04-09 19:58:02","425488:c23c58e3a2c29e33adb776028aa74a295069f6a1808821f7eecc2b7e6675bce14561f71ac57ded1db00ab3243b8be11c301da3230f5bd353569058182a7a0d91","",0,425488,"http://localhost:3000/movies/125",1,"url",1
3560294,"",1,0,0,"2012-04-10 15:51:56","2012-04-10 15:51:56","425488:3622fb532f8cee84ea689d027fff581ed48213c689a87b5fcbe39519e9917db27ac34fba3df5c221322ecac7ddd0c154be5a1c8590341f48040f4d47e5b75372","",0,425488,"http://moviepal.tv/movies/383",1,"url",1
3566008,"",1,0,0,"2012-04-10 18:52:02","2012-04-10 18:52:02","425488:ee2c05f192de2c2d3a3ba638c218ca6de23fbb5197060927a6964f24ae74c6206858ba67e89ac3d629aa877f711370abdab4d0ccbd12b1f8ec33569370fe285f","",0,425488,"http://moviepal.tv/movies/105",1,"url",1
3568514,"",1,0,0,"2012-04-10 19:59:27","2012-04-10 19:59:27","425488:10d5109bf0d20d887f2fb2352f2a4074731e1da94fe7880e2c559ae7f1670ddc19624d46df0a3dc99bc12ecff01128319e79240f0bc8f27a9b1e2f1272567d82","",0,425488,"http://moviepal.tv/movies/381",1,"url",1
3568521,"",1,0,0,"2012-04-10 19:59:43","2012-04-10 19:59:43","425488:acfdaa525df08c0ea4a88bca8854740f3348005b79b87d734afb5290ea1c9fda9c0177f7882e527192128d4f79ad231507a306e9898cdab358ce0afede25e101","",0,425488,"http://moviepal.tv/movies/378",1,"url",1
3570614,"",1,0,0,"2012-04-10 21:31:15","2012-04-10 21:31:15","425488:7b9c8dda2710792896cb1de94587f2884924856f2e4a31d9fde71e7dad1a57e445b697da212b4e1789a7056916d8f776230fd520820467cb80b7accc99e88721","",0,425488,"http://moviepal.tv/movies/133",1,"url",1
3597068,"",1,0,0,"2012-04-11 16:39:38","2012-04-11 16:39:38","425488:f5c596ca7fc0c16d83c7c8debdef53ca53786e2275747847d314bb579b92ebfde428697f348da6d3fae7b1ef8829fdbfbd1438bf2ea84d8de9431862750445a3","",0,425488,"http://moviepal.tv/movies/302",1,"url",1
3640433,"",1,0,0,"2012-04-13 00:09:26","2012-04-13 00:09:26","425488:2e32b803cc1c0228ceda0a7e96110e2b4eff3682b46d4a868ee0ab268c0d060763667261beff749caa8d46a30de87f4f2549f02ba6780a3ba020829146d7e7dc","",0,425488,"http://moviepal.tv/movies/318",1,"url",1
3748328,"",1,0,0,"2012-04-16 11:47:47","2012-04-16 11:47:47","425488:87d87626cb9fcc41a7b988b56f67463a0bbdfcd74bd3e1dce6f12ee3d25fe2fb52a4140f876ae1c860f09fd2de1a2aca78a951bbbef36a3527c6c4433e519895","",0,425488,"http://moviepal.tv/movies/353",1,"url",1
3748366,"",1,0,0,"2012-04-16 11:49:24","2012-04-16 11:49:24","425488:953521a5a2f9b5208d9308aa0ac26a80653953178d25efcda1e9dddd705fd5b0a225146d5cf3f8c4b55def8378c2caaa78dae79ae05d17be48f10e64cfcd3884","",0,425488,"http://moviepal.tv/movies/350",1,"url",1
3831871,"",1,0,0,"2012-04-19 01:14:23","2012-04-19 01:14:23","425488:90bccaa6067a7e58762e9664fe187a3ad925493acf583debf657ba672f48c4da5a321f93c30dd4ef4bd5efa9c5aeb403d1f856e787e9f71a8e5c738c430b6c59","",0,425488,"http://moviepal.tv/movies/409",1,"url",1
3855864,"",1,0,0,"2012-04-19 19:17:28","2012-04-19 19:17:28","425488:a6f5d7897da5b2ba6df354d905daf0ff0b3b157c429399bcdc51473e29c0c208eae591cc5810c9281ed74b4dac663c2184082b4647f920f3aec67b9c38c6feb1","",0,425488,"http://moviepal.tv/movies/419",1,"url",1
3857385,"",1,0,0,"2012-04-19 20:32:43","2012-04-19 20:32:43","425488:c2f6ddfb46b330e8fea3c48d4401e1f1c2d6cc0dfe0632a831447d39e4b42f5f55296e257002e0bc1d675f4fa64c792c12471db9a08fb7aa522485dfbec5edcb","Buzzkill",0,425488,"http://moviepal.tv/movies/358?socialize",1,"url",1
4086011,"",1,0,0,"2012-04-23 20:23:32","2012-04-23 20:23:32","425488:2d3128fb3905a3031869413e788dc7d51f54c26108f2584f41a3413737da23e642ee117f839aa6f72d10802cbc09fe97dcbe8eed9079e0d1dfc12eff3ead894e","The Forgiveness of Blood",0,425488,"http://moviepal.tv/movies/217?socialize",1,"url",1
6355704,"",1,0,0,"2012-05-02 07:26:05","2012-05-02 07:26:05","425488:79a98e0a4c29ed45eb21d6bf1aacea1003f68f21dbd647f063b8479246db11fe7cb8c32c2c2f054e9f4b480c3403c65d9238af27ee389b565ba1c9ed731776cf","A Separation",0,425488,"http://moviepal.tv/movies/139?socialize",1,"url",1
6429682,"",1,0,0,"2012-05-02 14:06:56","2012-05-02 14:06:56","425488:89c6c53bfd706a5facaca9a6df1cac8d6f4db53934a405da16015db99513d381f7e4f246283673628b8781bf7d0eb08d1d5a6f0e3e8275eaf8b26a7e14126385","The Giant Mechanical Man",0,425488,"http://moviepal.tv/movies/364?socialize",1,"url",1
6626438,"",1,0,0,"2012-05-03 12:55:36","2012-05-03 12:55:36","425488:33377016180e723e38ab316728b167bf5fac78f514417dc194b52e9b22a50abc9bddcefa567625dcad132ed39c0039d4c91c1001aee15b9f6428cb4dfc664c95","The Hunter",0,425488,"http://moviepal.tv/movies/235?socialize",1,"url",1
6818168,"",1,0,0,"2012-05-04 11:00:30","2012-05-04 11:00:30","425488:5ceca84898b5cc3b36f9c8004106845f1719d60b67d8ef76d86b676319f8ef3cfe71b8eed5aa7503de5da888de891fa6beddfd0701d974e77f4fb31b8dadcbc2","Yellow Submarine",0,425488,"http://moviepal.tv/movies/434?socialize",1,"url",1
6855873,"",1,0,0,"2012-05-04 15:09:10","2012-05-04 15:09:10","425488:a159f572080fa5b4236b8989e20ca1cff37eb35af9668c050ae966b118e9332fd36f2235a60b541322b9c9c4f6a99d22de89bca50e13b1e586ca730b1f2e7be4","The Girl with the Dragon Tattoo",0,425488,"http://moviepal.tv/movies/66?socialize",1,"url",1
6861228,"",1,0,0,"2012-05-04 16:03:04","2012-05-04 16:03:04","425488:0a167c1f04554e4ed5607c3eeb5f77b8326ba2affe3a270c3e01b65f1a529dc0ffe4119c5ceaa02e03cd45e39cc44f7f6aa3bd845c61d5d320707b4e4dfda5c5","Tinker Tailor Soldier Spy",0,425488,"http://moviepal.tv/movies/86?socialize",1,"url",1
6861344,"",1,0,0,"2012-05-04 16:04:06","2012-05-04 16:04:06","425488:570fd5ab72db71445962ca45e72b441b03d189d26c501e08ce480daa1dc8f5453f52253f1146a20ef6317fb672ae41980323a7100f1550a5a0c6b723cab65abe","Broken Tower",0,425488,"http://moviepal.tv/movies/215?socialize",1,"url",1
7123964,"",1,0,0,"2012-05-06 00:11:46","2012-05-06 00:11:51","425488:89af8f6a6813ce77ca7fec91ec5c29b6bfd736dac0c41148b48c931b3fd71c089e1354797e9acd3b279d0c6cfe46d80e32777bd3e5d6644fae7e59a623e57dc9","Sing Your Song",0,425488,"http://moviepal.tv/movies/194?socialize",1,"url",1
7587634,"",1,0,0,"2012-05-08 07:29:07","2012-05-08 07:29:09","425488:ff2d85d1dd4f854a69e16d0f83af1a026fea0bdefe054675bbb335ddfe59456615d3a50a81ba3573363b68722ceb975f705bf4383fcf52126a4e8293a71cb512","Tonight You're Mine",0,425488,"http://moviepal.tv/movies/324?socialize",1,"url",1
7680645,"",1,0,0,"2012-05-08 17:31:54","2012-05-08 17:31:58","425488:e2381bc961cc93f7ef5039620e906601c7ef114fe8d86df5edc2684881b3c4df3345bec6ed99f4504087d7f23a329312bb97b48f5d139c82b79602879e17ad37","Singularity",0,425488,"http://moviepal.tv/movies/453?socialize",1,"url",1
7684122,"",1,0,0,"2012-05-08 17:47:45","2012-05-08 17:47:50","425488:2bcb1de3901e1dd3f03446f1a3b542db361aabef7a99d83fc45755d7b1000a2bce14ac2e493161ef5b12e84a9c40c0fae5d9207d787f6e3c2c14598b4adc0d13","Where Do We Go Now?",0,425488,"http://moviepal.tv/movies/229?socialize",1,"url",1
8080284,"",1,0,0,"2012-05-10 21:59:33","2012-05-10 21:59:38","425488:d4975e1e20e4ec2302f70c65e1efbc182c49c04b8856d9ca07120855bd809da771db771b1322b36ef4b96a149022767334536d495399a82e437938c32fe132f3","Don 2",0,425488,"http://moviepal.tv/movies/176?socialize",1,"url",1
8087356,"",1,0,0,"2012-05-10 22:56:23","2012-05-10 22:56:31","425488:d9f7e25338e8d669fee45a5ae1c866e5e6420ea4fc2b0e9846019d45767c1695af3a90ea316e6953758e4636bdbe7733442f8fa0f31fdbe428d7c0965ef4ca10","Jesus Henry Christ",0,425488,"http://moviepal.tv/movies/332?socialize",1,"url",1
8189778,"",1,0,0,"2012-05-11 12:16:14","2012-05-11 12:16:23","425488:25337abaa0c470d93c1a19f431a210670d8aa2d6fee5113e59bb976b0c47a1e97678d10571c5c198d0d49dbaa9c7ed961dc4fe004db7d0c097b3de76cef07f76","Jack the Giant Killer",0,425488,"http://moviepal.tv/movies/145?socialize",1,"url",1
8260329,"",1,0,0,"2012-05-11 19:41:25","2012-05-11 19:41:31","425488:6fc565f7534e49f8edc058900530a1a76d9677c4a39e6b97226b3e0fe7dca9c34bdab6eac2b8995651457fd2a353a7279d02ae1228426f258e37a71087411ea1","The Thing",0,425488,"http://moviepal.tv/movies/134?socialize",1,"url",1
8268356,"",1,0,0,"2012-05-11 21:13:02","2012-05-11 21:13:04","425488:38da3a558bafeda321e8e424fcd7201ad05b27c26950a98c17e714174068fe10e4eaa29c85f9cd0f5f9a8a087c4d32d055d09603ca93371381b200d6bd263dc5","The Muppets",0,425488,"http://moviepal.tv/movies/89?socialize",1,"url",1
8268911,"",1,0,0,"2012-05-11 21:19:27","2012-05-11 21:19:34","425488:99dcaf91613af3016e945fb863639af5a65d3b9990a5899c4cbba7567ddeb7a2ce67f38e757bbe1fe8e29ad8a8c4458b584e2f3244cd9fe8a71132b69742ca07","Footprints",0,425488,"http://moviepal.tv/movies/121?socialize",1,"url",1
8269187,"",1,0,0,"2012-05-11 21:22:49","2012-05-11 21:22:54","425488:0bc710dde25f72282ff9e8309fb78dff163d7ea2ae7c1afd019a0cdb2dbe817893c8a25d4f3d5fd0f503bd488d5ea7d95ec8b1ff53397316e019b253323bcc22","Follow Me: The Yoni Netanyahu Story",0,425488,"http://moviepal.tv/movies/408?socialize",1,"url",1
8269256,"",1,0,0,"2012-05-11 21:23:25","2012-05-11 21:23:33","425488:4d12ff8efba7639495934752f41ff612c3ed401bbe6754d1b64c6ef57887108a13cae8f9256fea7f97a31d38cca5ce1cfa4816fedfd550c3458b6fc7e8e8dd24","I Melt with You",0,425488,"http://moviepal.tv/movies/109?socialize",1,"url",1
8309533,"",1,0,0,"2012-05-12 02:15:05","2012-05-12 02:15:11","425488:877413d6d41ad625cf82a5d5991cc7f4ba8b8155079e1e21d313fb3cb5a04a8ba7c1ff55a3b1470528415e361f4900cfe0ec47012f359eb7ae4fc2a13dc1b70c","Jack and Jill",0,425488,"http://moviepal.tv/movies/37?socialize",1,"url",1
8489104,"",1,0,0,"2012-05-12 22:01:54","2012-05-12 22:01:58","425488:56a53ede73b94aaafea47f01c58fbcd86de8d661d33ebd154b76c76b5e93bf93f35dd01879254773de27119c41f50db5ae1667debd271b7bcd1c100630be5082","Catch .44",0,425488,"http://moviepal.tv/movies/113?socialize",1,"url",1
8496659,"",1,0,0,"2012-05-12 23:16:57","2012-05-12 23:17:01","425488:04b67ffd45008a9b91222966fb2e39499301d5e474fa1b33bea1b0cc968c513d1214d56c9839a5d258cb78a9a884b128f77911bef5052ecbe34858c3252ec8c6","New Year's Eve",0,425488,"http://moviepal.tv/movies/64?socialize",1,"url",1
8743959,"",1,0,0,"2012-05-14 04:33:52","2012-05-14 04:33:55","425488:4bb3c0492f6d4ceef548ce52826d69f30cc5c2fb0ac8624d4977b03c437d7d05495964e77c4653ce22e0370c296a8a97693aa40ff9dfcbf31591dc975cbebeb7","The Adventures of Tintin",0,425488,"http://moviepal.tv/movies/49?socialize",1,"url",1
8878651,"",1,0,0,"2012-05-14 22:12:53","2012-05-14 22:12:54","425488:ced7198ac60485b5f9d8e753a0bfbfd037826289f441acecacc6305caab4174ab2027be84a4d0037bb45fd8d1438d87927689a900c712361aec2632d759a1664","The Son of No One",0,425488,"http://moviepal.tv/movies/268?socialize",1,"url",1
9071899,"",1,0,0,"2012-05-16 00:42:16","2012-05-16 00:42:22","425488:1ac402e376ebcec07a009be920fc92d9787c5f7f905cd05b098ff9984ed6fd75ad84734e890c14f416a7b53aaab346015fd668badf598dd8f72503694277a1f5","People V. The State of Illusion",0,425488,"http://moviepal.tv/movies/323?socialize",1,"url",1
9091799,"",1,0,0,"2012-05-16 03:44:37","2012-05-16 03:44:40","425488:eb2b0cd448ee39ec85f24f6784deb9995c87b5835a4489372828c9409d723f5e96492ac96069754100a1c02e34bf8776b8b4e32fc76d07475990843b12601f7b","The Diary Of Preston Plummer",0,425488,"http://moviepal.tv/movies/436?socialize",1,"url",1
9224035,"",1,0,0,"2012-05-16 22:34:02","2012-05-16 22:34:05","425488:e54803d5ddd5fb6463675d240f3930d8cd74e3e5dcc502275ccbb03615e14ed9499731853e4f8d6ae6abfee500bf14357196dca3b4b52c805fa4125372f0f61c","Jeff, Who Lives at Home",0,425488,"http://moviepal.tv/movies/227?socialize",1,"url",1
10115904,"",1,0,0,"2012-05-21 20:35:48","2012-05-21 20:35:49","425488:2b2b7c03b6b4fe1c04279744a5aa712a7291461e2157e14f0153d5d7c80a7104ff32701f685b13c38c929f2af3eaf3b31d05d66ebd63ecd3f6ddce8691d33141","Star Wars: Episode I - The Phantom Menace (in 3D)",0,425488,"http://moviepal.tv/movies/214?socialize",1,"url",1
10130240,"",1,0,0,"2012-05-21 22:54:38","2012-05-21 22:54:43","425488:1f0762b06208e13ea5460e6fe0c3973a987cc4b0e66642f7cc041fa60af4fb1ef572365f4a995bb6a50937c60aa5a9ce5b899b6b4e87971d859037e0e55d8464","Touchback",0,425488,"http://moviepal.tv/movies/290?socialize",1,"url",1
10169879,"",1,0,0,"2012-05-22 04:46:59","2012-05-22 04:47:02","425488:b3324981c70c1e357b9e5de83e0c00f64f96b354953d3110089cc994e14a6f80bc3a95afff2c3b2dcea3311d5e2cd61821c745ce4f69fb41b30e57d4da78596c","Silent House",0,425488,"http://moviepal.tv/movies/195?socialize",1,"url",1
10169916,"",1,0,0,"2012-05-22 04:47:27","2012-05-22 04:47:32","425488:63511ce3431e1a12f3e7e2d54c1b605b8c0ac10bc82fbe48a360b6755cbaefc1447c8108f813ba7b4c02b2a00dec14ab3c1fecd84ba014bfcc4f45e00404192d","Seeking Justice",0,425488,"http://moviepal.tv/movies/230?socialize",1,"url",1
10341355,"",1,0,0,"2012-05-23 05:16:26","2012-05-23 21:24:13","425488:3d4eb5d78a0c4ec8b14fe0bc26044643012bc25cb560cd724095948ce723aa022afd0a91c1d464c0a4f7312f995a1be826c3227f80b2ec5b852695e811b4d57e","Red Tails",0,425488,"http://moviepal.tv/movies/102?socialize",1,"url",1
10436184,"",1,0,0,"2012-05-23 17:17:36","2012-05-24 00:06:34","425488:f21781eeee5f99a8b0e03eea266cc5d6b94f001b4ce2c0aa972c88327151a867e6c5fa25993473b1878355095fc5990686857d125196260567b400d9e89b0103","W.E.",0,425488,"http://moviepal.tv/movies/87?socialize",1,"url",1
10473413,"",1,0,0,"2012-05-24 00:05:20","2012-05-24 01:05:38","425488:c72dc4ed975fed0c6a3495cbda1e3584a75304272a7337cf6d92d441b8a7fdfd4762623577465d23a958d694a0de4362382291fb10fc4dcebe8114b237851424","The Woman in Black",0,425488,"http://moviepal.tv/movies/88?socialize",1,"url",1
10474395,"",1,0,0,"2012-05-24 00:15:08","2012-05-24 01:07:31","425488:1cbb0d9cbfa228ac1eb742b8a6506bc416c40183b40e1c0a5559ac0f7e7adeb27bd837a1379172a12e77efd8d9a487db0ed7654e5b25f212bfc68b35518df7b0","Rampart",0,425488,"http://moviepal.tv/movies/97?socialize",1,"url",1
11024657,"",1,0,0,"2012-05-27 02:59:13","2012-05-27 02:59:16","425488:40f0895ac972c50160bcd4405aac537156f7b0ea85506f8a28c4d742cdc85249917c1ccde50a55fae5e3d6bae03b57a3fc797d2f574b9348178df6df09ebc54b","The Decoy Bride",0,425488,"http://moviepal.tv/movies/251?socialize",1,"url",1
11106005,"",1,0,0,"2012-05-27 12:39:33","2012-05-27 12:39:34","425488:2ee28aa7f84bb89f3d5714cc0ad8bb045b430de56fff0f8f3b6a1338a2dd14282d8651ac00c1d7a1b2fbd9425655dcd3aa04170563e3259a0fa2add580732d2c","Extremely Loud & Incredibly Close",0,425488,"http://moviepal.tv/movies/99?socialize",1,"url",1
11193281,"",1,0,0,"2012-05-28 00:51:58","2012-05-28 00:52:02","425488:eb4f12ba58102c7b5c02bf1aaa6a7067d229399aea42fb866942a619931866d7bf56c7590aafb0f992ae8686c554dffe5d31409dc9037ba59edc6c52029e7574","Safe House",0,425488,"http://moviepal.tv/movies/60?socialize",1,"url",1
11234917,"",1,0,0,"2012-05-28 05:40:36","2012-05-28 05:40:43","425488:573739977eec3b01b6a47a657cf8fa20955a6b0a41b7390bb1209dae282cc79e17a152e060405f9650dae7988bf7043ffa58fb484ed0f7c76e87c64e22214a74","The Sweeney",0,425488,"http://moviepal.tv/movies/450?socialize",1,"url",1
11669215,"",1,0,0,"2012-05-30 22:00:35","2012-05-30 22:00:41","425488:2215d7d4e0eb2e5a2622d1d5a73bb30da7872fbf4f482969c4ed2c60de3b81c938658bb34d1f582bf974289a2f75a7f68f1a62d987fcb778ffc83e677f87298c","Warrior",0,425488,"http://moviepal.tv/movies/158?socialize",1,"url",1
12706427,"",1,0,0,"2012-06-05 19:59:04","2012-06-05 19:59:06","425488:223dc625d5cf11287a5750f44f8b17b793609879413f2118ebb09c3a9933572e5cd7121e20e52b029200d85d499023067ca5d0e9802e2259a548ce25b8f9f6c6","Damsels in Distress",0,425488,"http://moviepal.tv/movies/298?socialize",1,"url",1
12939206,"",1,0,0,"2012-06-07 04:23:39","2012-06-07 04:23:42","425488:c60af0f9a6dda185f6e9b0cc16e3e8c044fb83fdfc6b59a528ab15c6d7b7f7a339ffdfab45c26a8da54dd6f2f3b3b0751e236ff5f52486652a864fd136b7c26c","Alvin and the Chipmunks: Chipwrecked",0,425488,"http://moviepal.tv/movies/101?socialize",1,"url",1
13108622,"",1,0,0,"2012-06-08 05:32:22","2012-06-08 05:32:30","425488:8f7ae56fee81e41f9bf13ec665ed94b4b7916fd18703ffcb00acf3dba32eb017169498c6032f1e45bb3552079a6f777277ddf10992448a4d0e5fbd5fe0acb8ad","Sound of Noise",0,425488,"http://moviepal.tv/movies/280?socialize",1,"url",1
13898464,"",1,0,0,"2012-06-12 21:03:43","2012-06-12 21:03:45","425488:563bde2724582ff57f11bc8243612965213cfde54f2faa6560d8a221b47a6b0eed7025903823089b18c16b2a9fb243bea2ced9f65397fba4501b4c022949aa9b","To the Arctic",0,425488,"http://moviepal.tv/movies/402?socialize",1,"url",1
14320937,"",1,0,0,"2012-06-15 13:08:37","2012-06-15 13:08:48","425488:dfd61347ef5f77ffeacda7af2858e023a85b7691d2b524eb861291873880cbcad75b7e4ea8884f4c34d3c20c79af0af384e7b6a6f57f3ac74483822680e2c448","Lockout",0,425488,"http://moviepal.tv/movies/201?socialize",1,"url",1
14321155,"",1,0,0,"2012-06-15 13:09:57","2012-06-15 13:10:04","425488:82e7d2a88a4cfd877f0f7212f86fb838f78c38241aaa61f7bbedfb01907b97ff434580f26252fdf6e252facfc24111e963080a48b4999fe57e89d6caac9850cf","Beauty and the Beast",0,425488,"http://moviepal.tv/movies/171?socialize",1,"url",1
14415306,"",1,0,0,"2012-06-16 02:52:54","2012-06-16 02:52:56","425488:518c3b4460e95973eab66ca6a6afc823e397a1163e2d8ebc5b44d2f2043917ebb032745abe71d2825247521e2ad386ba4ca48b110ee9e326f55b1b446926f758","Tyler Perry's Good Deeds",0,425488,"http://moviepal.tv/movies/181?socialize",1,"url",1
14619508,"",1,0,0,"2012-06-17 05:53:05","2012-06-17 05:53:09","425488:617978f20faeb59e424e3cc5f96db81461b2f939d86de7bae4662299a845e431c3605a080a66c6bcb2b3181eac9905fe779999cc941856c2db15625a4775997e","Playback",0,425488,"http://moviepal.tv/movies/216?socialize",1,"url",1
14729578,"",1,0,0,"2012-06-17 20:20:50","2012-06-17 20:20:56","425488:e5337494471d52d6d59a3912309a5d1841d4fd4100d4c784da705a629a9416814ae7631882174d80682685479faa5fe39559b3565ce9d8740f81ad559a3c6775","Never Stand Still",0,425488,"http://moviepal.tv/movies/430?socialize",1,"url",1
14789717,"",1,0,0,"2012-06-18 07:58:00","2012-06-18 07:58:05","425488:026ad485d9abd9bc5b6777262233b24c7a1519dd511165a549a76ff910a06309f69a0f7a9cf8c50cfb0063a34de8126781ef9215ca2bf79b2a7866680c016045","We the Party",0,425488,"http://moviepal.tv/movies/286?socialize",1,"url",1
15011000,"",1,0,0,"2012-06-19 16:08:21","2012-06-19 16:08:22","425488:df696f988991e80fb78d37109c7c938db07ab2c0e4b021049bb6e3556b77d78fd3a3c459454f4aa6ffc76443e9f24e5814769f854f0228e87c413366145fc0f4","Real Steel",0,425488,"http://moviepal.tv/movies/12?socialize",1,"url",1
15051403,"",1,0,0,"2012-06-19 23:45:45","2012-06-19 23:45:46","425488:6cf2ff58937cdbe2aa00c69dc789460b63c522f8469b33c1870b79ce5b3ae3787884cb14bd050070282830c3b4d4467d66c49c6da760662ca388e0819c4f3d01","Phantom Week: The Phantom Of The Opera",0,425488,"http://moviepal.tv/movies/462?socialize",1,"url",1
15197536,"",1,0,0,"2012-06-20 22:59:28","2012-06-20 22:59:35","425488:5d4a7bdd95aa41ed55a40eeec25727238269d9845f6ca7f8a58d06fc9f2170d4ebfaf728d11843edc09b05f9d29a6a4161faa0da5ee9c00b514b889617e273c8","Around June",0,425488,"http://moviepal.tv/movies/360?socialize",1,"url",1
15197801,"",1,0,0,"2012-06-20 23:02:00","2012-06-20 23:02:07","425488:ccb04dff2096bbb3f6e542760ef2e0d5668341526d4415d754324045dd8016b614cc506106d2ac5f5b3cde9bd2ed5c1fede16c2257a11ce67d7be0dbb064af1e","A Fantastic Fear of Everything",0,425488,"http://moviepal.tv/movies/392?socialize",1,"url",1
15312080,"",1,0,0,"2012-06-21 15:52:19","2012-06-21 15:52:32","425488:6e47708a7c4fccc9dc563199ff7ea29fba568b0d57ba9e365745ebdb89699a681b3588c536d4edd7c380d2794376b21ebe57ff81f7651dd1810a050fd117b3cf","Detachment",0,425488,"http://moviepal.tv/movies/221?socialize",1,"url",1
15476165,"",1,0,0,"2012-06-22 16:29:17","2012-06-22 16:29:29","425488:4bc0b82a9b9c95ea7b4e9ff792a931272b14e9803822dacdef56431f50646b9130619b8fba9f7726ffa9890dc4f8bf54918baa7985c67534a0e579147b1c39db","Casa de mi padre",0,425488,"http://moviepal.tv/movies/143?socialize",1,"url",1
3565929,"",2,0,0,"2012-04-10 18:47:54","2012-04-10 18:49:06","425488:beabaf6b1d95509ae487a3710df1ae77c31b7af7380207690b8a6032f467c4495d93c40b8a9ebb76acd3d830ef085693311ae17c09a270ccb3297239c51515fd","",0,425488,"http://moviepal.tv/movies/125",2,"url",1
3566005,"",2,0,0,"2012-04-10 18:51:52","2012-04-10 21:18:53","425488:2d7b77d4040aaa6c80dd23b0c89ae28abaa251d0b876ab02c0b51c5fa47a996dfd2ee60c3255606fd73d7b4207485477f471d462fa19a92a2da90292ef02fe8b","",0,425488,"http://moviepal.tv/movies/366",2,"url",1
3571254,"",1,0,0,"2012-04-10 21:54:59","2012-04-10 21:57:53","425488:f40d48dc299a4696d31e5c0edd881f41be117c4ae5ad440d473cb7a61a88e03f593a295f6a1f4dfb1cc68e6ed60e8f5a1222cd908d1d5c07f5190ffbacb65773","",1,425488,"http://moviepal.tv/movies/264",2,"url",1
3596632,"",1,0,0,"2012-04-11 16:22:26","2012-04-11 16:22:33","425488:a560bbb6d44f6593fc7e237a69dac32bf5700eb7ab1aca53ba60fea2e1b1f569e198fb95772ca0d65f67c3035c25da7ff64943acc92877f605f88883ff3ca65f","",1,425488,"http://moviepal.tv/movies/370",2,"url",1
3596647,"",1,1,0,"2012-04-11 16:22:39","2012-04-11 16:22:41","425488:d0281ecd82e31397042efe104120c04352e29c137affcc19593d95139ed021e17285813b40c603f1e114121b8cd49e886fcf8573977334c7f1555a63be8e2127","",0,425488,"http://moviepal.tv/movies/71",2,"url",1
3596657,"",1,1,0,"2012-04-11 16:23:01","2012-04-11 16:23:03","425488:a99a2d43889323d622a47fca1f764dea9f282fce59f42382aac13ee9aabbb0b5920d0442c3e57405fd427055a51bb7a25f4bb325dcdec7d26b66642457ea1492","",0,425488,"http://moviepal.tv/movies/297",2,"url",1
3596810,"",1,1,0,"2012-04-11 16:29:39","2012-04-11 16:29:40","425488:ae9c46ff57b393418c252f70e7fe5f2cca4e524a6c167bfd092c350b9f7c958d1cfb8d4a09ffa9f2810a129de86fa736c4837984b952b47e1b189e17707cca58","",0,425488,"http://moviepal.tv/movies/396",2,"url",1
3597022,"",1,1,0,"2012-04-11 16:38:12","2012-04-11 16:38:13","425488:7c1a3c415ceff3329383fd9cd6a34ada3afa90dc20f272d9b06ca6471dd9073efdf8511e8f9f1290c45716c6f697ea119d254567f437d826a9bb9bd94083d24a","",0,425488,"http://moviepal.tv/movies/315",2,"url",1
3597071,"",1,1,0,"2012-04-11 16:39:40","2012-04-11 16:39:44","425488:1b137762912fd72be7d97a4f8e0a42d5ceef40b53d256d8206fe0c88f5aa37a8a04f9d5a92aedbde817de4b7fd2116985937383d8e17ccdc53d9cfa9cde5dafa","",0,425488,"http://moviepal.tv/movies/298",2,"url",1
3597199,"",1,1,0,"2012-04-11 16:45:09","2012-04-11 16:45:11","425488:eab7f11c825c59333d76546973bd11230c0aee048e235f30b3bd5d69ce2355efb6119d5558298f38a6fe11f88678180ec9c727509ffeaf292edd7214ae4c448f","",0,425488,"http://moviepal.tv/movies/286",2,"url",1
3597405,"",1,1,0,"2012-04-11 16:55:29","2012-04-11 16:55:32","425488:c772d3a45d48f46f6e7b38ba5feb8af7c46aab6b217215cc776071399be509ad5d8eb1b0a23c8a774c41b572b6f2bdbde9c8cf1a7bfe79024261c59e30cdf070","",0,425488,"http://moviepal.tv/movies/357",2,"url",1
3831861,"",2,0,0,"2012-04-19 01:14:15","2012-04-19 01:14:17","425488:881ee09610fb0dffe9b05784fee9484f9f20bd80254d86c3c548ac62313cd1686159085d2010bba45404735e9e39205f3350e4382d464c5c5242cd3e3c4cf1be","",0,425488,"http://moviepal.tv/movies/411",2,"url",1
3853912,"",2,0,0,"2012-04-19 17:47:47","2012-04-19 17:49:41","425488:7aad411b3963d4854f43192480cc2e73e3d6c354a7ed442e0cea66438af6aaf867b225b84ff9b482c004c4d8a7a86053558e58cf84d9a078aa7f986076bb80b2","",0,425488,"http://moviepal.tv/movies/287",2,"url",1
4068927,"",2,0,0,"2012-04-23 18:55:10","2012-04-23 18:58:53","425488:8432e7a3976e0f95d46125710d3dc1147c44ebec7315ceb9ba30773a697daa6ddade1da27cce9bc92814de5109105d660b7384fef8f7427e0c3e9c8c0e1df7fd","",0,425488,"(null)?socialize",2,"url",1
5291165,"",2,0,0,"2012-04-27 23:29:58","2012-05-03 17:50:13","425488:577ac1a9937802a69046f78cb8b37118b90540862571720cd15668402a84f93fe81ba87e1b580547b48a48e6ecec2881c9147715ca30cc300743cd69cd4769be","Headhunters",0,425488,"http://moviepal.tv/movies/299?socialize",2,"url",1
6460267,"",2,0,0,"2012-05-02 18:42:58","2012-05-02 18:45:15","425488:16e54defb638477b024ba87467af2b9af05bb04ccb221fdd1d6e82c189118f0ff140878310006e02184772dc7956b1e173e6cf8a14c3bbeba4c1624d688883cf","The Divide",0,425488,"http://moviepal.tv/movies/198?socialize",2,"url",1
6504858,"",2,0,0,"2012-05-03 00:22:50","2012-05-03 17:42:47","425488:e3c59f56cd3ab0afe75b891c2658f9eca80a27a9db865b350982e34940093fd97cb8933943893594d69658b3f49d73e4339573816b4344267e1df04c9461d633","Warriors of the Rainbow: Seediq Bale",0,425488,"http://moviepal.tv/movies/369?socialize",2,"url",1
6505156,"",2,0,0,"2012-05-03 00:25:07","2012-05-03 17:45:30","425488:b7a25be7fdcacd39828c77d9c5ebd9e994afd0464e9baf1188c6fc1c68a99055e2b53140c260c078673bfcb134ec31423a086326d219a702f61fd9b0478af385","Citizen Gangster",0,425488,"http://moviepal.tv/movies/368?socialize",2,"url",1
7146700,"",2,0,0,"2012-05-06 02:24:53","2012-05-08 07:29:38","425488:54c3713ca4f3e47115e1bbbf0c653787223ba3c35c91855ab18293322652c582fa6d784cf6ed928e0824626601d376be694a56897e243d0bfe884c08637a2ef4","Last Call at the Oasis",0,425488,"http://moviepal.tv/movies/328?socialize",2,"url",1
7310158,"",2,0,0,"2012-05-06 18:30:21","2012-06-20 01:24:40","425488:d32ebc303b070b8445ee437fb8c3a2e59638835343857de2292a54fb86e7d6d0547cab0e8dd609468802386e23d3c18adf793e027828023cba1aa0b7a5602b00","Housefull 2: The Dirty Dozen",0,425488,"http://moviepal.tv/movies/398?socialize",2,"url",1
7511978,"",2,0,0,"2012-05-07 20:52:35","2012-05-10 22:56:23","425488:68180b3125ebf0ef3d6b6a3bf92b2cfbffb1130df663ec60a96f908ba5a3f8b5c4ca0423db2206b5d8d6d4a5d3c3b64ff10708258646e4e7e1c5def903309186","Meeting Evil",0,425488,"http://moviepal.tv/movies/337?socialize",2,"url",1
8268713,"",2,0,0,"2012-05-11 21:17:09","2012-05-23 16:21:42","425488:206cc4c799ed8c58727ac9dda76e3b5c4a08dc7f52bd1af515f8a48bbb303895444bc6aacd22c18975070612b02f35f38babd78e5b34ca79c500ced469de5eb2","A Thousand Words",0,425488,"http://moviepal.tv/movies/72?socialize",2,"url",1
8695118,"",2,0,0,"2012-05-13 21:19:00","2012-05-24 13:03:36","425488:fd13e034b3221280aac6400fb236524147d361ff754b982786587ace100b5874100499d810336c5ea289695ed380b5aa9fa5d05e45265d63c2ff18df8df4b174","Marley",0,425488,"http://moviepal.tv/movies/272?socialize",2,"url",1
8711247,"",2,0,0,"2012-05-13 23:44:11","2012-06-08 05:33:20","425488:b256462095e042970c24a2aaf1ff542f8e92ef07acf5e5c23cda5af1ea334d7da91c6a97397188bd7ecdf27ba0cef3d520d7dee148856d39e08d0863b656b4dd","Mission: Impossible Ghost Protocol",0,425488,"http://moviepal.tv/movies/18?socialize",2,"url",1
8743983,"",2,0,0,"2012-05-14 04:34:03","2012-05-14 04:34:39","425488:302a2ccd548f1d8ed25af0fcf0ccd724facbb8e09d41983295a39efd4a07cbb3f2f784162d4c13be7221b202d3c43ff03538e7ce668d5e921899ce780ac0d386","Lawless",0,425488,"http://moviepal.tv/movies/429?socialize",2,"url",1
9225911,"",2,0,0,"2012-05-16 22:49:05","2012-05-24 01:05:31","425488:dc185172a936b9b0407edab6c6a6e0dab92ba7c1d70589bd081387659adbf57f0cd6cb1285423857fc917771e34465267b47e02764f97cc6e6b4064c2c52106f","Haywire",0,425488,"http://moviepal.tv/movies/111?socialize",2,"url",1
9226210,"",2,0,0,"2012-05-16 22:51:41","2012-05-17 15:55:16","425488:49c4f534bb4c1fd314b5c31683b4eb553480bb64a0627836c974f2b0b0798c32e97ee1e95823b212758a02c2d896b4cb55c474a89a7b15de923661b6cd00476c","Battle Royale 3D",0,425488,"http://moviepal.tv/movies/461?socialize",2,"url",1
9448656,"",2,0,0,"2012-05-18 06:56:50","2012-06-12 20:33:29","425488:02d7d2262dfb14325df0e5af768b38f42459e4597eeb0ca68ae766822ca3bc3fa529b97c8523d61250563daa53c4fde4b1f496b5efc05c0795daba04eef7863b","Journey 2: The Mysterious Island",0,425488,"http://moviepal.tv/movies/63?socialize",2,"url",1
10962825,"",2,0,0,"2012-05-26 17:20:42","2012-05-29 22:26:10","425488:1a10a49e8342056809c74fa401974312f66fbe1ec8bdf93022e599f52ecb2c82438f4380f5695a312fb614482f69f89f32cb4c82ccdf554c370b3b9688f26a43","Apart",0,425488,"http://moviepal.tv/movies/249?socialize",2,"url",1
10965266,"",2,0,0,"2012-05-26 17:44:28","2012-06-01 16:27:39","425488:25b0ed855c422644a21bab87ed65163f5af6b050672cbf418b91ad17f7d572a5244d5f2efe95e35b25878a4a4ac5fd185fa003d2e7fbaf6ce8f3143a43ed79a9","Mighty Fine",0,425488,"http://moviepal.tv/movies/316?socialize",2,"url",1
11010773,"",2,0,0,"2012-05-27 01:31:31","2012-06-04 05:25:31","425488:4a75b48a32c250770e0fff727cb51d530096d84ee887eb5c3f17c6cfaa2c7b81dcb41253e213f5e6e25e768a15d5864b117cc3e720d7c47de24af09ccea4c1f4","Beneath The Darkness",0,425488,"http://moviepal.tv/movies/173?socialize",2,"url",1
11235603,"",2,0,0,"2012-05-28 05:46:04","2012-06-19 01:28:05","425488:97ef2613957e4e57de81743487dd5a1f62787e94c5c1001f57ba3781293643651e060230ca7b69b318296703ff5f5bcb60fb2801762a625bd93dc47d0d0afa80","4:44 Last Day on Earth",0,425488,"http://moviepal.tv/movies/279?socialize",2,"url",1
12200564,"",2,0,0,"2012-06-03 00:03:44","2012-06-03 22:43:20","425488:4c0163a5fe2e775d9db2aaeb8c17408c7881b3050b5080e4d2e994047127dff4a10e2cdb03aa214469701c42f84f11d065bd78b5155f07c70462dfba018cd3c5","Project X",0,425488,"http://moviepal.tv/movies/62?socialize",2,"url",1
12822368,"",2,0,0,"2012-06-06 11:20:00","2012-06-11 04:55:39","425488:5d22e4f25f78d8967373681a589624808bd659205fe11c038064b4425f3f222f91a09a8bd28a2db968d34b809d93dabe5edf3b6a649baf5534f17b6b117a265f","50/50",0,425488,"http://moviepal.tv/movies/17?socialize",2,"url",1
13531093,"",2,0,0,"2012-06-10 12:43:01","2012-06-20 23:03:30","425488:fbc6211e18c34310047612b1802d69f101cc644d49f3275fb18d5de14bf2d08e8aaab9316707adeb42b90e47560dc344d323d19098fb9d52122895112bcc62b9","We Need to Talk About Kevin",0,425488,"http://moviepal.tv/movies/84?socialize",2,"url",1
14892447,"",2,0,0,"2012-06-18 22:50:32","2012-06-18 22:54:29","425488:a06f2b82eb25c454bd4a3262d0f61ee576622ff88797ea922ec4d568d92bf8f95361e6a67f3bd1bc02485186c1fde904a9e729855925de521c94aa45894977bf","DCI 2012 Tour Premiere",0,425488,"http://moviepal.tv/movies/468?socialize",2,"url",1
15197967,"",1,1,0,"2012-06-20 23:03:49","2012-06-20 23:03:54","425488:ea24af9ab1c6298a1499512e1b15c83fe002f6dcefdb01f354408f1dc610ba1bb4ddebad20e23b01887c71684b418610ea6e3683b2988fb354dc4874dec511c6","We Bought a Zoo",0,425488,"http://moviepal.tv/movies/68?socialize",2,"url",1
3435580,"",1,1,1,"2012-04-06 20:11:20","2012-04-06 20:11:47","425488:f57b2c5a37f39486564ace6567c8a74838da5a070070d9e412493da2c2a6221ce273b8338b1418f1cff9fd52caa95d5e0d0404c09c4cbdfa86c5485aac7bc0d5","",0,425488,"http://localhost:3000/movies/201",3,"url",1
3533588,"",3,0,0,"2012-04-09 21:22:22","2012-04-10 18:48:31","425488:821813ba2fabb5fefa460a633a385718246cae730f91f79752c0e084ddd485d4a5435875bb63d9b2f17e386e81360a92b37c34a6ee1666c35396ac7bf6b55a34","",0,425488,"http://moviepal.tv/movies/201",3,"url",1
3566003,"",3,0,0,"2012-04-10 18:51:49","2012-04-10 21:18:58","425488:15e81f3328915739fae784b0f65e90667c4e1dc41844995b03dc9e780534ec4e3b5d50b7e513ccb47ba5713a4ac5de9f0d615642d13771e49cef2c516f79955c","",0,425488,"http://moviepal.tv/movies/334",3,"url",1
3596616,"",2,1,0,"2012-04-11 16:21:56","2012-04-18 20:10:30","425488:2fc20e7a01179a803504434ad8bb79bd73e3df2e36550dd133768a5f9367c1a15c8cf3aa218e711caa268b342e30e367d30f92e168221881cdc2d0f777c03f0d","",0,425488,"http://moviepal.tv/movies/322",3,"url",1
3597399,"",1,1,0,"2012-04-11 16:54:44","2012-04-11 16:55:23","425488:19c2c889c3a4e022f520ec67ae872de4c7bb8578a06ee81f1978ec30dd6f9e39e7f3ded32573b70103aa7f3c745fc7de87dff661e163f992739f585af8a84375","",1,425488,"http://moviepal.tv/movies/372",3,"url",1
3857388,"",3,0,0,"2012-04-19 20:32:49","2012-05-03 04:03:32","425488:7c51474d870e4d82d881b8f67dc0c3e7185216ecf641aab641db44b8d04d3cead9cdf02a88d24b7a4f55fc3f142aea468c9d3e82e4015dbee9a1dfbb23485d93","A Bag of Hammers",0,425488,"http://moviepal.tv/movies/414?socialize",3,"url",1
6534720,"",3,0,0,"2012-05-03 04:17:12","2012-05-11 02:09:12","425488:0f91d3067dd53d32d70da38e2b4c88a48a20cede739b865b509492c9652f88ebfa483a4a8b06ed2e0c1dc73218c285d7f2404624e2907f43030beaa79f886a78","I Wish",0,425488,"http://moviepal.tv/movies/406?socialize",3,"url",1
6732686,"",3,0,0,"2012-05-04 02:46:36","2012-05-17 19:53:46","425488:312573bbe62e7e225adb7ca9a3b94b17a9c7420af84a2c4e87a2314f8afcbdde460c0f7b4d4f4441726bd2fbb2f67dbb47ad5d086bd47de08b834c19fb56ed52","Nesting",0,425488,"http://moviepal.tv/movies/388?socialize",3,"url",1
7268750,"",3,0,0,"2012-05-06 14:21:05","2012-05-25 08:20:36","425488:5573b58579dfbaa2d32aedc7f1ca40a0bcdba9bdf6bd7e517921ef3ce064a053a41769d850eff8bfed48eb42834c9693748c39388c799e4014dc801fded6ea2a","Hugo",0,425488,"http://moviepal.tv/movies/95?socialize",3,"url",1
8268064,"",3,0,0,"2012-05-11 21:09:28","2012-06-03 16:31:31","425488:055a90ca430691732ce61a04667573fa0b8cd4cdbd1a5289591b5d145600ed9f383a52660a90f167145a574d017a5aeea8810f039e19503d8d452c8e41697057","Joyful Noise",0,425488,"http://moviepal.tv/movies/103?socialize",3,"url",1
8987694,"",2,1,0,"2012-05-15 13:08:53","2012-05-15 13:09:47","425488:f66d10c21e7101eef479557ad84189a8a747b1a96df57ccbf45f44c59a75d79dcb8a8c6b4b2b983a92a4454d3e6c488b4c0e0b60f1228bb759dc0fbb92743aba","Friends With Benefits",0,425488,"http://moviepal.tv/movies/166?socialize",3,"url",1
10217796,"",3,0,0,"2012-05-22 11:56:33","2012-05-28 15:43:44","425488:128702052ce4380d20362e9955f0baedc5120dcae5ff9ec16ef023310fca5420f61f915683550dc418752d7c365c2b1e43d36e06d888c5cdee070053033f2ac2","Contagion",0,425488,"http://moviepal.tv/movies/14?socialize",3,"url",1
10491405,"",3,0,0,"2012-05-24 03:00:26","2012-05-24 03:04:49","425488:60808b275cd9169b477256754e98fc374cc9a3ef9fe4dcbe0c803e42feb0c051c0856dd5d3af3737e809c1d552c58def0924ece9741cba001e9f04ba7ca1663d","Pariah",0,425488,"http://moviepal.tv/movies/138?socialize",3,"url",1
10652428,"",2,0,0,"2012-05-25 02:24:08","2012-05-25 07:35:32","425488:de354d5dc121677f8594804bf07e01bca8874be4c737026657919d05274f2dc45a14df895b6e8692351c4cfa168248a2446c7b8606784861b29f46b9f1a8aa94","Anchorman 2: The Legend Continues",1,425488,"http://moviepal.tv/movies/465?socialize",3,"url",1
12317195,"",3,0,0,"2012-06-03 12:47:23","2012-06-15 04:17:30","425488:cc4d63bb1fa429df99468815233393553c6c960893b1a3279b00c3c3f6b3d6cfdbee30ef3b2c457ef73c306d8e893c5876920ed08885c18ff9c86af43d53cea5","October Baby",0,425488,"http://moviepal.tv/movies/123?socialize",3,"url",1
14320788,"",3,0,0,"2012-06-15 13:07:41","2012-06-22 16:29:54","425488:e0215bbe01701730f5afd17ee7232dafcd1b5f75d68afb7107d13b5e6403bf97efb75ed8dad517f043edbc8bd5b19ea80a0e98dc559ef2dd07fe5f22acb7b83f","Transformers: Dark of the Moon",0,425488,"http://moviepal.tv/movies/250?socialize",3,"url",1
3435985,"",1,1,2,"2012-04-06 20:30:36","2012-04-06 20:33:32","425488:5e3142ffb5b365adb4f5aba8642e6d8805ab65956d0e019c8a68996a253fa36bb4251caba5c5b486b9a128b367f381e3802dadd04d8af7e513edf92d3f5b5eb8","",0,425488,"http://localhost:3000/movies/133",4,"url",1
3531722,"",2,2,0,"2012-04-09 19:57:48","2012-04-09 20:22:30","425488:efd7847d1735f81161cfd67b985ae8a7cd72b46f3dc47bc264e32120404f99e7261d80e2b8002ce1952e26d3f063f696352f3401929d73eb1b0e7fb0c37d9fb5","",0,425488,"http://localhost:3000/movies/129",4,"url",1
3532877,"",2,0,2,"2012-04-09 20:52:52","2012-04-18 20:09:35","425488:76a95eb4a6a0e3544601cf39d3b286bbed7d9aba204df1cd57114d03a9dc71bde15cbfd6e72f690ae5dba339658eb4d7af59a559fb5bea0ef1cb389c7e689b91","",0,425488,"http://moviepal.tv/movies/333",4,"url",1
3533589,"",2,1,1,"2012-04-09 21:22:26","2012-04-18 20:10:23","425488:7091d755230835a9b30ef8568128a93207be519362707f4c333a0262f90c31cbc6e819241fbaf88343eae82a4f61287be5f79924fc2fbe3cff3ab22406aefaea","",0,425488,"http://moviepal.tv/movies/159",4,"url",1
3533724,"",1,1,2,"2012-04-09 21:27:59","2012-04-09 21:28:38","425488:01fbe6d28954cf46a2af4c32bfbdcfc935eacd76c59a829ccfe8e604bbad711a63fdbe3e6fd0694fb3ced2db8ef41a7dbb1ac010b58722b02fd8595d803071da","",0,425488,"http://moviepal.tv/movies/356",4,"url",1
3570717,"",3,1,0,"2012-04-10 21:35:55","2012-04-18 17:56:49","425488:70dc331c4ca469f71aae8c4c19b651d0c909ed8d0c87acbd4d70eed6597201ee050c9f5fb83b0e51557027a757143d429056c6a2b3bd1e9f26806dc9646dcfcd","",0,425488,"http://moviepal.tv/movies/147",4,"url",1
3570968,"",2,1,0,"2012-04-10 21:45:26","2012-04-11 16:22:53","425488:ece943c17d9bb753ded7f84999ea941e4f02da214c0681306211365f00eee940f088e2a12c5c39842f55d14bbf3401f10e52bb3a62ab93430c6b17b701449557","",1,425488,"http://moviepal.tv/movies/92",4,"url",1
3597257,"",2,0,0,"2012-04-11 16:48:12","2012-04-11 16:59:37","425488:79ee064aea337e7c34c5e0440e66ddc802c360ef99fb6f92c44e3774dd1c5d7b24bf9f921ca3ef744fcd80082454c5d63a3c0d15a17b28ba0d57136ab4c9a70f","",2,425488,"http://moviepal.tv/movies/235",4,"url",1
3857683,"",4,0,0,"2012-04-19 20:47:33","2012-04-19 20:50:04","425488:cd3385e77a9a3176cc3fde1ca03a6dfe83d4f81543cbeac42a90ec6d1c8dbdae0fc04d1084b328d06d4ee914c8fcf0817e17ad560acca4c17ef4f204261caccf","The Lucky One",0,425488,"http://localhost:3000/movies/124?socialize",4,"url",1
6436235,"",4,0,0,"2012-05-02 15:05:17","2012-05-04 08:06:56","425488:22f6bdb39a0d7354cef474fcefa7a631932598c5c9b9c68d08086b5791abc2851b3db0752592ac0ba7b4c0b5a5c988c35701290bec156a5263746d2abb7a5ee5","Mamitas",0,425488,"http://moviepal.tv/movies/409?socialize",4,"url",1
6510052,"",4,0,0,"2012-05-03 01:01:03","2012-05-17 19:49:35","425488:a7300aa7ca3019dba255777b95c681871d6f43b085e74770a3d3f366aadb400fe3fa2f13f408c318d06fa32dea7430f3982ba20d656cbc1d1433d11cd7a1fbb9","Dragon Eyes",0,425488,"http://moviepal.tv/movies/423?socialize",4,"url",1
6920430,"",4,0,0,"2012-05-05 02:44:43","2012-05-29 09:07:30","425488:ca4ddcdd9a12152a8002dc4f39d190e92eee96b2a64c58bfb18527be0a671b2a088e65393c798036aeae21abee98110c71d06b8db2a57d5c728755cda7b3256a","The Magic Of Belle Isle",0,425488,"http://moviepal.tv/movies/397?socialize",4,"url",1
7323917,"",4,0,0,"2012-05-06 20:49:52","2012-05-23 19:27:19","425488:a209216fb5c85563d73e3d5a5daed643371d3a51ca1baa978aa83f4bd462d2ba9c9c49f38d5a03b51a5cc02e5f3100213b0ba1d4df6a1127841b1bbbac400d4b","Man On The Train",0,425488,"http://moviepal.tv/movies/146?socialize",4,"url",1
10316123,"",4,0,0,"2012-05-23 01:14:23","2012-06-05 02:38:14","425488:2e49c361eeb9be92cd3376f47d3dc097a7d19b834e04aa68f59d264e4e77b440af71260732e2eb654bef6762dc790c3011447434a0f170e9762b46b6b65944e3","The Secret World of Arrietty",0,425488,"http://moviepal.tv/movies/81?socialize",4,"url",1
13049937,"",4,0,0,"2012-06-07 19:26:13","2012-06-12 00:02:25","425488:0a22369681f26ff0f7ebd964985bbbfcbd545496396778814612fcc8213547b9a86c32ca08ecff95383b60be1955b745ecd2fe1313843fb63dca656dfda49003","Chronicle",0,425488,"http://moviepal.tv/movies/93?socialize",4,"url",1
3597026,"",4,1,0,"2012-04-11 16:38:20","2012-04-11 16:59:20","425488:c6377e015b284efa76c71acc4d68280e22b57368e18120f6d9b995eaacc99aa426f80b12ae8671cb8e21ab6ce25434dfc7ce171e3f3c85f9a749e4d2556ff295","",0,425488,"http://moviepal.tv/movies/310",5,"url",1
3668825,"",4,1,0,"2012-04-13 21:50:22","2012-04-16 11:45:16","425488:39f4bbd17a631ca90e9fe94b670cee4c4e73c13b460b72cde979d74a3449a4ac9519e32d2aa4a6e8563e08b7339aba8f0bee7ad560def1fcebdd76426a674649","",0,425488,"http://moviepal.tv/movies/391",5,"url",1
3857419,"",5,0,0,"2012-04-19 20:34:21","2012-05-27 03:00:26","425488:415389f074ee8046d07c47efe78c375962486f590cded996ab58e9bc2f3727e2aaad482e26734540e383fdd85372c758b4853e60317be1f934233610446cf213","The Vow",0,425488,"http://moviepal.tv/movies/105?socialize",5,"url",1
6500607,"",5,0,0,"2012-05-02 23:52:10","2012-05-11 12:23:35","425488:16d53d07437e48a15de4faf28973c571d97b46d200cc3bf2ff83417f3e232860f1a7ba2d5ff07d6aa1a8bf854771e8eadf72539697e935ba5b6afffaff71849c","First Position",0,425488,"http://moviepal.tv/movies/355?socialize",5,"url",1
6533647,"",5,0,0,"2012-05-03 04:07:33","2012-05-24 21:40:33","425488:18c1b5dc732988ae8eacab06f101ed2c85b75930f25e2dea77efb8b668000a8a77fc1c4cb4f447a5a1b7b27b5ad9279700be021edd5fe2b8bc6ef7deddf0e054","Hysteria",0,425488,"http://moviepal.tv/movies/411?socialize",5,"url",1
6675885,"",5,0,0,"2012-05-03 19:48:07","2012-05-10 15:00:24","425488:e062e03e874530e76b0625313f5299bdfa2ba6330243ad84e7945519d583ad72f1bebc1729611206f6a988a8fb39e1ab525660c1cbfdfbcec8991e3e63ae6abe","Stash House",0,425488,"http://moviepal.tv/movies/433?socialize",5,"url",1
8691477,"",5,0,0,"2012-05-13 20:34:48","2012-06-05 02:17:22","425488:1ae99c4e9dad8246e81abe3a0c594bc94e13a150df908ec2b9c598601992739b33627a295237c3b164c3dd1c4db8cf4cddde1a69897e588620645d0dcaad879b","Agent Vinod",0,425488,"http://moviepal.tv/movies/285?socialize",5,"url",1
10617481,"",5,0,0,"2012-05-24 21:04:55","2012-06-06 19:09:47","425488:9953d87891691608e40bcee06badc784986158d5f9ba1599cc279e39513ffb6e25cee3585bf2c85ff180e3e3542f44fd9186f19f1b682386ed0ceff22a41d5fe","Cellmates",0,425488,"http://moviepal.tv/movies/291?socialize",5,"url",1
10818325,"",4,1,0,"2012-05-26 01:26:13","2012-06-17 19:00:11","425488:4501d3e3d50916b1a32b30f4058976480f469974a24f0be0231045aa75fed61a0d5fd074f1cc8e43f847412b716f3559968f1fde59921b6eced7fb7ab3769403","Madea's Witness Protection",0,425488,"http://moviepal.tv/movies/420?socialize",5,"url",1
14158858,"",5,0,0,"2012-06-14 12:33:01","2012-06-17 00:15:29","425488:c5762590201b330e17dbf8d3af71b8837d098b1f86312f90ed9ea052ba941e159a8dd254b75faec86e10356a439ea0e751b014c40a12e9044da3424c96a668d8","Marina Abramovic: The Artist Is Present",0,425488,"http://moviepal.tv/movies/467?socialize",5,"url",1
3434159,"",4,1,1,"2012-04-06 19:22:36","2012-04-09 20:26:12","425488:2f64c605921d0d4bf5ba5cc462d8f63f9000707ef67c7698b054615e5f66c9c08e523a830baae785692a61b9fa6814ed1f9deb3eeb653fe83da20a001af71476","",0,425488,"http://localhost:3000/movies/53",6,"url",1
3570619,"",4,1,0,"2012-04-10 21:31:31","2012-04-11 16:22:46","425488:8bcbef9989050abb49a5774a6a5a4e6d2363f74bc1819e791b7c231a7ae20d94bc72a4625325ae0cb388c1c9113f7b13e1a605793c9cd7718163d234cd4e96db","",1,425488,"http://moviepal.tv/movies/74",6,"url",1
4408264,"",6,0,0,"2012-04-24 19:50:36","2012-05-09 11:43:32","425488:7398b45c2a35487795a970c095ee1e13860c6395f3c9c10d1fd98312655af0f732c78331712c32c4df206d911406b416d3d90f6cb6b00ab431208e53827ad7f6","Transit",0,425488,"http://moviepal.tv/movies/424?socialize",6,"url",1
7482997,"",6,0,0,"2012-05-07 16:13:25","2012-06-19 01:22:49","425488:8a57a96f0a24c810f4531ff1a1e84684924840b1d50f1347be2fac56fc2e230dd5c3afc6b9a274d1586bbc7e4660f11222ca3a7d117cd4d3a22e27a8644a1e1f","Contraband",0,425488,"http://moviepal.tv/movies/19?socialize",6,"url",1
12020748,"",6,0,0,"2012-06-02 01:44:13","2012-06-17 00:49:49","425488:2db25bf39c8d621d907f66bc05ff42ad1289d4ff24c0c338c8fa7b8cb4e74e616a8cae16bbb68fb55a31cac9117a714c8fe16422f448fb7d4a2e0efff9cc3725","Bernie",0,425488,"http://moviepal.tv/movies/294?socialize",6,"url",1
13261029,"",5,1,0,"2012-06-09 02:40:36","2012-06-11 00:02:28","425488:bbd98a7c3f75d842b901084048262a9abaea429d968cffa14bc72fb0252858ab14a011cf12c335939634bac216fea7347f3484e5a259c5792df2134d401e793c","One for the Money",0,425488,"http://moviepal.tv/movies/190?socialize",6,"url",1
3532600,"",4,2,1,"2012-04-09 20:39:48","2012-04-11 16:29:55","425488:9e31563cb27971029628eb748963f11045e61867e044f53640a21898588613a3a71eafe0c4cc60292eabc681772a63ce52501e95812a96b7bcd453f91a9bae48","",0,425488,"http://moviepal.tv/movies/390",7,"url",1
3560296,"",5,1,0,"2012-04-10 15:52:05","2012-04-11 18:25:46","425488:672f5d1b4261041446d2930ad2860b6bf2dd3da5784a0f1003f90e103ff2e3bac44243b9c4ad5233f6413deb1b38cb46d00dd39ac62cb9579a7e201e0c13ecd9","",1,425488,"http://moviepal.tv/movies/389",7,"url",1
6489162,"",7,0,0,"2012-05-02 22:27:26","2012-06-01 00:38:32","425488:89652218ada21cc9abbae40092e0e744decae43d1ea0ad7dcad7ec71af67b4a2196b128583e45b0f2152df9a2a222a9f12caa9a9da7b995650f0da8c498ed121","The Perfect Family",0,425488,"http://moviepal.tv/movies/330?socialize",7,"url",1
6767784,"",7,0,0,"2012-05-04 06:56:45","2012-06-08 14:51:00","425488:24f3f7e60873c94b266f81b47aec8575382d618186687cab0d93353f4d0950a0fcca86cc4264c770c76d1d65d94a623f9e82027b689420e1a1bc8a6568d97216","Trishna",0,425488,"http://moviepal.tv/movies/377?socialize",7,"url",1
7148808,"",7,0,0,"2012-05-06 02:37:08","2012-05-17 19:41:38","425488:f28187d2beb777b485b157a1ac320fdcbbabd9b91cb24097462f13d4b82acf9a6358d160a8bdc6d0edbce022d139203ccbc2ce2d50c73d8a85db54ad3dd4c031","Bonsai",0,425488,"http://moviepal.tv/movies/442?socialize",7,"url",1
7180779,"",7,0,0,"2012-05-06 05:46:00","2012-05-08 14:37:47","425488:92b8b708e200d654d33eaaefc6729a7ae1653b262780a5faf71b9b34e747b5fe3f1f9161efc6fd3fe90bc38f33bbb0c341319cea3fdbcc8964b474c0f314691d","Steve Jobs: The Lost Interview",0,425488,"http://moviepal.tv/movies/449?socialize",7,"url",1
7454941,"",7,0,0,"2012-05-07 13:43:22","2012-06-12 17:16:00","425488:cf560b1076881da08f4b5c3978bed568782771d8f3892e4117f7c3320fc2c61c497330c142475657256a3a7dd70671664efbd49edb8f4defc5b82fb65bdaa870","Wrath of the Titans",0,425488,"http://moviepal.tv/movies/152?socialize",7,"url",1
7512378,"",7,0,0,"2012-05-07 20:56:23","2012-06-05 05:46:01","425488:951a34b13c3f0a988b27a21be9b1b29b54a76d15efe8c70c10eaceecd407997be18afdb10a0b15bd2fc84f772edb4e204c2859211b5e6a93649375d49377f89f","6 Month Rule",0,425488,"http://moviepal.tv/movies/401?socialize",7,"url",1
10342712,"",7,0,0,"2012-05-23 05:30:50","2012-05-29 10:13:04","425488:6c9d1c7a00d0c88cbf0486b6559dc4fb58debcba5cc0b4d14bafc40163a587a76aa3174d978a94d005abbb70b7f3c1e04d585639d007db1f80eebd89e6bd5139","The Intouchables",0,425488,"http://moviepal.tv/movies/342?socialize",7,"url",1
12004825,"",7,0,0,"2012-06-01 23:52:16","2012-06-06 13:33:42","425488:abb907e8c5bec1d698bcbfece4c4e417515cb3ea42fb448d9b39f2f5fb9f447495629ae64b56094a6742e80120b73fda761c0b86f729e20bedec5fb010a42c47","Crooked Arrows",0,425488,"http://moviepal.tv/movies/438?socialize",7,"url",1
15019525,"",7,0,0,"2012-06-19 17:28:32","2012-06-21 20:09:26","425488:ae1ce5e64bd1f64c04b656b374f33467a4a7660c028f4a2b1c40ce691f15ccf16d56c78d1d78fe5820073f0c716a295c5ba432dd1997eb772f77c5599b2deb8a","The Last Ride",0,425488,"http://moviepal.tv/movies/469?socialize",7,"url",1
6280470,"",7,1,0,"2012-05-01 22:34:13","2012-05-05 15:24:12","425488:36fe920718f6e956216bfa81f900127975d1d0f26217fa1fbb3cf30d6e75930aff9e4f1a55f993c025fe08cdd80fadf5ee64ee246615501bf7c88f64beef785b","Titanic (in 3D)",0,425488,"http://moviepal.tv/movies/133?socialize",8,"url",1
6460694,"",8,0,0,"2012-05-02 18:46:13","2012-06-21 01:08:12","425488:bf8450cc00d498bc68d57d437e518c4089e5551834a2ba187d7dbc6851230222c36631d98f0ce277e2dcd9959eb65dea9d255cf425254711d88560b5074c21ba","Frankenweenie",0,425488,"http://moviepal.tv/movies/296?socialize",8,"url",1
6532621,"",8,0,0,"2012-05-03 03:58:54","2012-06-19 13:24:12","425488:646eb7e9d6f4f5de819302075c5c6df35e90632a5f714e6bf00de81c2d5999aa50b2a8170372a75c6916b38ec142e0152df1eaeaccc291baac7f78c724af9e80","Ruby Sparks",0,425488,"http://moviepal.tv/movies/418?socialize",8,"url",1
6679561,"",8,0,0,"2012-05-03 20:15:58","2012-06-22 02:30:57","425488:5b1c7487102a0490e0b86b2cdcad5ecbf4f1f689edbef69d86d42ce11c494cf38174167fcc585bc526839f089a694caf0c5822c9d988c2d2a4de1cef5aaafd05","John Carter",0,425488,"http://moviepal.tv/movies/98?socialize",8,"url",1
12748432,"",8,0,0,"2012-06-06 02:08:37","2012-06-11 05:16:51","425488:45ddbe3da0e6a77bd0c23f88845cfbcced559d52f9dacb7a9f61475af8149ddf2d4433c34a4b9df3f46295850c48850bbc205ae2f128ce9db9a7998ba1f5ec94","Dark Horse",0,425488,"http://moviepal.tv/movies/466?socialize",8,"url",1
3570397,"",8,1,0,"2012-04-10 21:17:36","2012-04-11 16:29:48","425488:c44e9d64debec2c20f29f6a644e28da3ea88158812c6ace04cfc57bfec2a9bc0948fc5a456e4b5fb59027d7e11cc85f6ab83fb5bc4040e755121d6e04c01f39e","",0,425488,"http://moviepal.tv/movies/394",9,"url",1
4071971,"",9,0,0,"2012-04-23 19:09:57","2012-05-17 23:28:19","425488:3ed9f5a9b3cf3eb06b884d1419da213cf604079660750c82f66a24369ba181641e9cf3a05a7db764bbda4c44ffad85416b1f18d2132e60584c0615d79d222398","The Philly Kid",0,425488,"http://moviepal.tv/movies/422?socialize",9,"url",1
7088756,"",9,0,0,"2012-05-05 18:51:44","2012-05-29 09:15:23","425488:4df98e01a0cc639de7a1f86a3fc7ed3a7dd5583702dc53c58bc99e43d2be571d89d7df62a72083219526c7fc5f8611e1a065b6926d51e775eff6afc6fcc6f43a","Cowgirls n' Angels",0,425488,"http://moviepal.tv/movies/447?socialize",9,"url",1
6500476,"",10,0,0,"2012-05-02 23:51:19","2012-06-04 06:58:43","425488:a20d18bfe6d7e7b8ae4f999f38734f74f5e543b80b86d7b350ba8d2b8aa08a1683e949e1207a55aec374b4538e7b1628cc97979251a1c52872019b93323b858e","Quill: The Life of a Guide Dog",0,425488,"http://moviepal.tv/movies/407?socialize",10,"url",1
7049490,"",10,0,0,"2012-05-05 14:58:48","2012-06-17 17:33:15","425488:2d1383a976ca1666f24406a96e49ff094ee4976c25ea2aafe4884fd11462106c103974c336b508e74c43016c2351522823e6910345d8954e524e834cc3aa969c","Finding Nemo 3D",0,425488,"http://moviepal.tv/movies/208?socialize",10,"url",1
3533586,"",8,2,1,"2012-04-09 21:22:15","2012-04-11 16:21:52","425488:135f46f1c13dde7dd16931f588de8ea1f0d69ee7f54cb2e4e8a1f21d6ab2b915e0f2300c78ba92c2c3af9453b25a9c94d3521de0c2f30910a033b2efadc981c1","",0,425488,"http://moviepal.tv/movies/345",11,"url",1
3533715,"",9,1,1,"2012-04-09 21:27:45","2012-04-16 19:09:58","425488:425d9e26ec50012c6b8b7a20de3446dfc6fc66a85d1e52bf42bf0409c5677d911de43131e6a498b5e2a9753f5653df1dcc17efc4ec5a26a5926ffc3cd07dc83b","The Cabin in the Woods",0,425488,"http://moviepal.tv/movies/129",11,"url",1
6488553,"",11,0,0,"2012-05-02 22:22:39","2012-06-17 22:27:53","425488:11c81c02e7e59f6d83e92d46e62a68facbd7a7aac00fe805135d0b7992d0102d873539776fa9647efc6d66f291357784bcfddb597a4c24e4bffed55279b1fc12","Take This Waltz",0,425488,"http://moviepal.tv/movies/387?socialize",11,"url",1
6680814,"",11,0,0,"2012-05-03 20:25:13","2012-05-29 20:44:53","425488:ff08eac88084084891e3ccb3b927e3380886aa486173ac2923a025940d2a36c924e6df4e9f4330a2dc21096882975ef8b52e8f8823ca27790cf52e706374ffdb","A Little Bit Of Heaven",0,425488,"http://moviepal.tv/movies/317?socialize",11,"url",1
7338756,"",11,0,0,"2012-05-06 22:59:43","2012-06-20 23:00:23","425488:c7e2c34661cdbf991a39959670cd023a18eb90776b2193fbdba671f647dc8c89a6f2d7a56279e729c43dc34579ccfac19f03345b7dbd0a69dee74c73d00776e6","The Cold Light of Day",0,425488,"http://moviepal.tv/movies/236?socialize",11,"url",1
7922993,"",11,0,0,"2012-05-10 01:42:26","2012-05-14 02:57:59","425488:b1b1f4a65f94193be55666b653e66787b7fe4f596e8f48960e6b317d3a70e8075708e861df639efb849a95d9c7e55169d80ef24e291b65e2cdd91ad055b4b848","The Road",0,425488,"http://moviepal.tv/movies/410?socialize",11,"url",1
3434128,"",5,3,3,"2012-04-06 19:21:21","2012-04-09 20:26:02","425488:c11fe4b2674d203a97fc555317b2ccc586e869fa600951de5e83ab0c4a6422e16cbc8fa10180277c7488c6857201fbc5a241f7c8639bd43ddf39c0959d78412f","",1,425488,"http://localhost:3000/movies/345",12,"url",1
3532654,"",11,0,0,"2012-04-09 20:42:18","2012-04-11 16:14:12","425488:b47211591038d19ed22d2f51eeba704e7dad7b2b44b3c345b878bf3ab07113ae3256a23cdda2b08c0b2f420eb881b61ff2e5f8c55bd2e9257b57c1de19267276","",1,425488,"http://moviepal.tv/movies/379",12,"url",1
6430810,"",12,0,0,"2012-05-02 14:17:05","2012-05-18 18:07:37","425488:0cccd05dd56fb9052250f9975a0d9f10e1a9d099977965cd9dbaf6b2ff9fa42b924e18c407ba39e18910aab8937d509c664af937abdf37fcbce0fc202dad8c5c","Mother's Day",0,425488,"http://moviepal.tv/movies/348?socialize",12,"url",1
8128027,"",12,0,0,"2012-05-11 04:28:33","2012-06-21 20:43:18","425488:487e2d576eefbbf17ca3c41dcca444f746a1329817fddf337646e4d7af9d8389a3c61b7eef39913045a0797e99a9845d40bc317028309bd1b17f4fc5b3a0c933","Hope Springs",0,425488,"http://moviepal.tv/movies/437?socialize",12,"url",1
13830997,"",12,0,0,"2012-06-12 11:43:22","2012-06-17 20:49:35","425488:a41148f9967a134784bbd00b25681b3be0a62f5f132f8c6ba6f51dd2293fff627898899e7dc1299116425e2f4f7e27ed6beb97428d2909d9db851b4eb726f052","The Woman in the Fifth",0,425488,"http://moviepal.tv/movies/219?socialize",12,"url",1
6260215,"",13,0,0,"2012-05-01 20:00:37","2012-06-10 22:10:50","425488:d8712bc479167b2fc497908ce89f8bb06c398e7ccfe1bdaa1b2246d50ceceec531eb6a73bcbe6fd73a51a6fb0478ad9be3b8a39e6571e328e3d60a875fdf927e","The Lorax",0,425488,"http://moviepal.tv/movies/46?socialize",13,"url",1
6528584,"",14,0,0,"2012-05-03 03:27:25","2012-06-21 00:59:26","425488:f1fbf147a83bb253a520f7984686e02caada8e6dbc70b876590f15f06a906c6dd43b8a14b4ec215db338262486caafab8a55b5e33a41e391dba8ac0b2c76afff","Ice Age: Continental Drift 3D",0,425488,"http://moviepal.tv/movies/110?socialize",14,"url",1
8570131,"",14,0,0,"2012-05-13 07:13:11","2012-05-23 19:27:35","425488:ea07e7c8d0ec71ac81b33cad07436f5baa3e74a0659d2a7a249bb597b6946da7ef1eb3563daf8a8c98b10e3b28563dd7eebfd4c44117274fbfeba2f5ceaa374d","The Samaritan",0,425488,"http://moviepal.tv/movies/350?socialize",14,"url",1
8696957,"",14,0,0,"2012-05-13 21:39:54","2012-06-13 11:07:09","425488:410d61fdd8d64619f9c0112dd441365be5abaf11a557959ef451f3239a2727341abd5685a1a880a05b7d7bb300b75797e9fef5757d89f5754db015143065a26b","Lola Versus",0,425488,"http://moviepal.tv/movies/381?socialize",14,"url",1
6886488,"",15,0,0,"2012-05-04 23:34:10","2012-06-15 13:09:34","425488:0df837fb10bfcfd0a5501b2ef04f58278021626823a7ddd5bd7bac7c503cdb7b7b144900d83f31d7ec3ece00343c2497a57517344b02913f4243331cd71009d2","Bel Ami",0,425488,"http://moviepal.tv/movies/375?socialize",15,"url",1
9396834,"",14,1,0,"2012-05-17 23:02:09","2012-06-16 20:31:40","425488:4a0ae74b52589fb6b54c2a67929cb6f79ceee601ae7cce02fdb8639b4606d740e46f672580f28cdeb66f2904cafce9fa9bf730900b3a9aec649ea71eb09f0059","Twilight Saga: Breaking Dawn Part 1",0,425488,"http://moviepal.tv/movies/36?socialize",15,"url",1
6501096,"",16,0,0,"2012-05-02 23:55:41","2012-05-13 17:45:24","425488:687a8396d0a88277b22299fb6007720aa289a345d72134116b97eef9b62ea2bb6009aa55c9abea7e1fe7f50e9e54cf46348bed32574321e091de8b3e7aea8589","Girl In Progress",0,425488,"http://moviepal.tv/movies/197?socialize",16,"url",1
10494479,"",16,0,0,"2012-05-24 03:29:18","2012-06-01 16:15:43","425488:965074dbdd7997ca057203bb69bb0834e8577c38d4a28e23a51eac4cc921e2bcfbe70e83a9d0abc587a88a4f8f8e991d4a3a2b90577e4b2328b19343875b0a57","Arjun the Warrior Prince",0,425488,"http://moviepal.tv/movies/463?socialize",16,"url",1
13043262,"",15,1,0,"2012-06-07 17:59:22","2012-06-07 19:22:17","425488:9842415e20fd1457df51017c69ffd0883c21fe65218ac05edacf067746cbcbbaad32c592c2f5467f8943d469bbc5c128f43a543bfafb1d2f841af8f133e4aa10","Peace, Love, & Misunderstanding",0,425488,"http://moviepal.tv/movies/435?socialize",16,"url",1
7496995,"",15,2,1,"2012-05-07 18:14:54","2012-05-13 18:57:05","425488:df4abfe771b208460e16874041b4e2200fdc8999305bc955fbad59eb1b1293abb1b572d23e644b5aa5e59792cbb8b6d65ab94965b71f53d7adc31050da0c57d0","Hick",0,425488,"http://moviepal.tv/movies/441?socialize",18,"url",1
6501352,"",17,2,0,"2012-05-02 23:57:15","2012-06-21 13:26:18","425488:9a0fde6e73eebc7ca3093ad18a0c739f784981848c651e85290ad021d1bbe87951925afa4fa01d4fe1363a34e6f166491e2283dca98ac87e7ff8c12552e30fb2","Step Up Revolution",0,425488,"http://moviepal.tv/movies/331?socialize",19,"url",1
6509979,"",19,0,0,"2012-05-03 01:00:28","2012-05-21 20:57:25","425488:f7a04c52adcbaf5bcd399e58546f5a3b3ec7ad52e8501583dd53adeec5a4be17f8329428abd5eff330e99c11c65be3fa68ad2d8fbff0b8a70a99cb74464c594c","Lovely Molly",0,425488,"http://moviepal.tv/movies/363?socialize",19,"url",1
6555542,"",19,0,0,"2012-05-03 06:47:29","2012-06-08 14:59:01","425488:151ad7758a7e0afe5c02bffac4fc966677c2676db1c4de61dcb3b2756c9f20c34acd237dffaa53fc2dde305c96927537de9a68ed143bec65d1e20322ba83d618","Apartment 143",0,425488,"http://moviepal.tv/movies/362?socialize",19,"url",1
6676329,"",18,1,0,"2012-05-03 19:51:48","2012-06-04 08:16:42","425488:c1409d8073a5b802f49103b864f34021c84ffdc3b4b413117d27810fab2f4d3711ed002d623884d8fda633d285051f528c55e9c02724c08648dd2af1388705b8","Virginia",0,425488,"http://moviepal.tv/movies/439?socialize",19,"url",1
8092986,"",19,0,0,"2012-05-10 23:40:37","2012-05-25 07:41:48","425488:f78894fed843f55a1a03fa2206ee5f536fa8741abce6292198b9d7b06f3e2817c4ddfd34367a402441a77ae16dff239aec46ac4930a0b44fa8c914cc7a65389b","Mansome",0,425488,"http://moviepal.tv/movies/454?socialize",19,"url",1
6506356,"",21,0,0,"2012-05-03 00:33:54","2012-06-21 17:54:18","425488:966a51ccfc74e80cc03bab9ff1d7f7b831a56740dce6267798d595ad512e431c564329ad8721128a607f75b6006352100bed04eb0a12c85e2736659681743798","Saints and Soldiers: Airborne Creed",0,425488,"http://moviepal.tv/movies/213?socialize",21,"url",1
6509833,"",21,0,0,"2012-05-03 00:59:26","2012-06-04 08:08:06","425488:6526627d157cc8cc180cb9e0f6f499e786ff82d338cd11007f7c005b0026b5c263aa147b299e8b2faff752dce3b828f98677378fe5f65fd3959dd1c03855cefd","Battlefield America",0,425488,"http://moviepal.tv/movies/283?socialize",21,"url",1
8607644,"",21,0,0,"2012-05-13 11:28:02","2012-06-08 14:19:11","425488:bad1d4fd1a6c79e084d343b72f23bf27044302c27729fa3ccb154d3daaecad1c477e558a210bf4534a11119171abb53f52422eb8e54403fd95a370c0232995bc","Ultrasonic",0,425488,"http://moviepal.tv/movies/455?socialize",21,"url",1
4391154,"",22,0,0,"2012-04-24 18:28:38","2012-05-26 02:07:07","425488:4c35d64907e80184454c076f8b2014c039050ba8f516f43d45b4414faf94d8312adeec4667bc771bfdeab82b5228c0fa74719b46da161ce4986abff21a0f1d6b","The Raven",0,425488,"http://moviepal.tv/movies/52?socialize",22,"url",1
6508738,"",22,0,0,"2012-05-03 00:51:58","2012-06-19 13:09:28","425488:b3b815be96b473e81513e56be51d793ef3c501c63852f60e1e166bb6497a4a818f12f312d79b7897eba654cc190b0c7a8be2c4191f72e90128585e0e6589ce58","The Art of Rap",0,425488,"http://moviepal.tv/movies/404?socialize",22,"url",1
6532334,"",21,1,0,"2012-05-03 03:56:40","2012-06-22 03:36:13","425488:b1b1bff85d50e2d06dbf53a0beda28884735d0a0fb05b4dba0621ff4720c9c91ccc08a9ff9723bd80ea23d4ed2ecbb873a59e4cf1f2752731c6591bd07a57a4e","ParaNorman",0,425488,"http://moviepal.tv/movies/80?socialize",22,"url",1
8083841,"",22,0,0,"2012-05-10 22:29:34","2012-06-21 11:55:18","425488:a42a9015140bd31a11ff7e53bc297a58e63484984752f7af5a1fa19bdbbb5011e5b08268086cf08e216af14b91f823b9be179877d0a10f628bf74daee05dab59","Crazy Eyes",0,425488,"http://moviepal.tv/movies/459?socialize",22,"url",1
6509865,"",22,1,0,"2012-05-03 00:59:39","2012-06-15 20:34:49","425488:9940211adbf63299af15ba5e08a8908d9223c92800c46e9014625803b4e831a00fd3e5b05aeeb2955188a7f2ca869f8f08319af1a1f89347512def2858277cfe","For Greater Glory",0,425488,"http://moviepal.tv/movies/335?socialize",23,"url",1
6528354,"",20,2,1,"2012-05-03 03:25:30","2012-05-13 01:02:37","425488:1af7842ce04eacda37ee26ffc39def3812c4dd2b145a78bcd93d74834d4b2d2451f4cf57dd671685860f4f057f2000248b0c80f0b64aa40fb0c60ba5365cd072","God Bless America",0,425488,"http://moviepal.tv/movies/248?socialize",23,"url",1
6532454,"",22,1,0,"2012-05-03 03:57:36","2012-05-26 02:07:08","425488:28110ea2a0c19e67338f5456dd45392aa471e134bd36854753b706d828ad2ee129f8a9f5c4b59e224b7d000526a6c916b5a9043dcc62c48f41cc554594993800","Safe",0,425488,"http://moviepal.tv/movies/58?socialize",23,"url",1
7344428,"",20,1,1,"2012-05-06 23:43:23","2012-06-20 22:59:59","425488:5bc4045b2baa155bf3c63426136bcbf1d8774ef2fa719c1c3143d624be8b989e36ba372414b5b30daa8618bf8e19b87f298c0077cd842e10482530944da5dd34","People Like Us",2,425488,"http://moviepal.tv/movies/365?socialize",24,"url",1
8093294,"",24,0,0,"2012-05-10 23:42:44","2012-06-19 18:03:13","425488:5cbba53f66f2b8598849c8bfa1c0fdc479bc5f13249183303c890fb55c7b8e81b069f0feefd68b0dd246fa467c7a471fc14c3171dcac935b82a4f17d39e34a27","Argo",0,425488,"http://moviepal.tv/movies/457?socialize",24,"url",1
6431253,"",25,0,0,"2012-05-02 14:21:01","2012-06-22 17:19:59","425488:d526f1fa133651e7ad5afc67c6f38fd44cf180e4c66b7e62714e6c29ea2ceb0cfd78cd64a0291e9831882434e83f2a67ed849540794734082fb6172b701a8a0f","Seeking a Friend for the End of the World",0,425488,"http://moviepal.tv/movies/262?socialize",25,"url",1
6732779,"",24,0,0,"2012-05-04 02:47:20","2012-06-17 20:36:54","425488:945b6b7038f4495cf2a101e558e8901e7168aefb23f6b54782bdbdb7b401b6b14e014cbc8a6c7ff87083fe9487135661f5a8586af4c939284fc7f4aacce603d2","Katy Perry: Part of Me",1,425488,"http://moviepal.tv/movies/378?socialize",25,"url",1
7180790,"",25,0,0,"2012-05-06 05:46:03","2012-06-22 05:18:37","425488:e06b6d21b91153a8dc4fc46d8e6ba76219874c7fa571aea68010b0f116350f7373203eaa96a0690b4a01ec58e329f15ecc45d8fad009b2bb5b556c4c00996836","Beasts of the Southern Wild",0,425488,"http://moviepal.tv/movies/448?socialize",25,"url",1
6508027,"",25,0,0,"2012-05-03 00:46:47","2012-06-19 13:14:26","425488:a212550a960d4a31cd5e07f58d6116610e8ec278f4251907cf6c66aa71f9093bf1c448431252bb7d098861fc3121eabfaa1fb28193e34be476b3c14e75c5e589",7500,1,425488,"http://moviepal.tv/movies/240?socialize",26,"url",1
6528059,"",26,0,0,"2012-05-03 03:22:56","2012-06-04 16:02:46","425488:c6749e27380ec8a53f3c28510c4e5874fcffcc0eb5d281b96dca24dc1e614d57bf9050dfca0d5c58e3a099ec6a4a78ccd253856e522447c44f1c641a1a5b75c2","The Five-Year Engagement",0,425488,"http://moviepal.tv/movies/130?socialize",26,"url",1
6661562,"",26,1,0,"2012-05-03 18:10:00","2012-06-21 13:30:35","425488:830b110e748376fc4e7f52be4306eedbee02cbc63e4644057a38fbbbc76e23a793e23a94a8dbb5eb6765ef49bd6929627c8c1db9182811158f301eb55d4a1e87","Diary of a Wimpy Kid: Dog Days",0,425488,"http://moviepal.tv/movies/403?socialize",27,"url",1
3856410,"",29,1,0,"2012-04-19 19:56:17","2012-05-27 04:49:46","425488:ffd19a19900fb1439eda9ee0f6825cf7c810ce698d58b6c91d91dace2c234ca92f71933c503a95541d5e5d36b61144d165bf57050781a55088bebe337831ec7a","The Three Stooges",0,425488,"http://moviepal.tv/movies/125?socialize",30,"url",1
6733464,"",30,0,0,"2012-05-04 02:53:20","2012-06-20 21:32:16","425488:d80beae13237f79ea2e1ef8eb13bb18920c3681e875778ea05e3b675644898ed1236e7d5d0379464b7764e226548d9c6356e6f8f6c006d0862f99e81bce079c2","Hotel Transylvania",0,425488,"http://moviepal.tv/movies/353?socialize",30,"url",1
6489020,"",31,0,0,"2012-05-02 22:26:20","2012-06-18 21:40:02","425488:44a2e7f93ac5e66d038cf8a1139bab44b6cce86e9a72fb5090c705c0a2a6b209ae18add18797349a4ce6a5265d983633c539a97dedc1e84d20f5865aa411e204","Rise of the Guardians",0,425488,"http://moviepal.tv/movies/352?socialize",31,"url",1
6509381,"",31,0,0,"2012-05-03 00:55:59","2012-06-18 07:52:07","425488:b9897555024c33c0cb84a86f8d6dc43ae7c0c64ce8768e24e4b28575ada8d6d2d2b0aef37f0d2d04f48610a61d1d3f281d236adb1a6c3f96b4227a82b7b2f742","Safety Not Guaranteed",0,425488,"http://moviepal.tv/movies/351?socialize",31,"url",1
6652755,"",29,2,0,"2012-05-03 16:55:11","2012-06-22 03:53:59","425488:b411a295c32a5e24113c633c61af2f1da57e298a789c13ac70aacc1b973f1041f150d004ed6c1d383b17ebc5b33b2682e2fc6dbb5783f7c7358b76d96d5914b5","Sparkle",0,425488,"http://moviepal.tv/movies/370?socialize",31,"url",1
6500852,"",31,1,0,"2012-05-02 23:54:00","2012-06-03 15:13:16","425488:261b1952b34eff1da48f7b870a198a493abfe0d97a963479cdf5b2e6360cf6e328a7ed26ed7cdafb27e6bc96e8d60645d58ba17c4f4b077d6426a09ed4004f70","Chimpanzee",0,425488,"http://moviepal.tv/movies/73?socialize",32,"url",1
6527846,"",33,1,1,"2012-05-03 03:20:56","2012-06-21 01:06:44","425488:e5f40078ae8933bd691a2b9cc516ebcf4dfe82eed5ae7e2f8407c56edbbcb5e6ddc879997d4818f95bea0b00a4126f8b9d38a81472a3b46c453734060cd9de72","Despicable Me 2",0,425488,"http://moviepal.tv/movies/295?socialize",35,"url",1
6444976,"",35,1,0,"2012-05-02 16:24:08","2012-06-19 06:43:25","425488:ce9d9dda22b47d2273f9f21ee32bf55945fc4ba998a0d1d3eb36723aa09720dbd4b05b033cc38793883a24f6f39350a29f7cec700fb470f5478a01fdcdbc0dba","Savages",0,425488,"http://moviepal.tv/movies/390?socialize",36,"url",1
6488029,"",38,1,0,"2012-05-02 22:18:59","2012-06-21 01:23:16","425488:026bff3ce865bf2087d1e404f8997b90a4b1020fe5e4a788f17f5ee3a80549957a30bffbd1f4d37febe5941d8e14e05b6d3f2fde645353bf84267158c82edd05","Your Sister's Sister",0,425488,"http://moviepal.tv/movies/415?socialize",39,"url",1
7323730,"",38,1,0,"2012-05-06 20:48:00","2012-06-14 00:53:40","425488:cc14aa1de01299a2d1374447135e1afcd6fe905cf186a4dee3f91be54b40ada1df78ab7cdb618ea838edf2973dd4a83d1b4144dc1b273ba5b6e351c62d74250d","Moonrise Kingdom",0,425488,"http://moviepal.tv/movies/211?socialize",39,"url",1
6239095,"",36,3,1,"2012-05-01 17:30:59","2012-06-20 23:01:44","425488:663d88884e696914bbe96e6fc2bc27bf6e5411b26c0a9627f6bfe8a205b107fdd337948d2ea7a45123e495e4cbeca6f14c370de4a77f168070978e0e2a3cec96","21 Jump Street",0,425488,"http://moviepal.tv/movies/59?socialize",40,"url",1
6325367,"",38,3,0,"2012-05-02 03:58:52","2012-06-12 13:52:22","425488:c289e38c3794452d2ed77d91de327f0defedc6fb67936395d5b47cf08f949184fecfcf772a7680975639251dc74a2486e965f3883b420d27cc3123d01ecb7241","Piranha 3DD",0,425488,"http://moviepal.tv/movies/336?socialize",41,"url",1
6695450,"",42,0,0,"2012-05-03 22:12:26","2012-06-19 13:03:30","425488:93630c95ffa12ad917b40e466ce2ca7e1dafac91959c2d3dc9c8ca1ed2dd7f91606459d0165975c81cfa90ade1aa974a012fb9ebebb335861d0a8d40ee15588e","This is 40",0,425488,"http://moviepal.tv/movies/440?socialize",42,"url",1
8092165,"",40,1,1,"2012-05-10 23:33:29","2012-06-20 22:27:09","425488:947f4fd47854921b5a107fc32b3621ab2a48df78fae8d947f6441e778b6016e42d69b943c5dccc11dffb8b18909b624c542a1d9165bbb80eec0b50e4786aac5f","Gangster Squad",0,425488,"http://moviepal.tv/movies/458?socialize",42,"url",1
6429623,"",44,0,0,"2012-05-02 14:06:13","2012-06-08 14:40:26","425488:5ada4c102bf9cf662dbb53757ced88ccaa403a79580456e1df529ac3af0c456357542d55e3d85e2cfcaeab99478afc38c2806fd34635ad80cba2ec162c2bf2b6","High School",0,425488,"http://moviepal.tv/movies/396?socialize",44,"url",1
6652221,"",43,0,0,"2012-05-03 16:49:30","2012-06-22 02:46:36","425488:c6b36873287fcf5784af702f91790d498a3691cf3956952e9bd1f68e7af05227de656cc3488ffac028e4fdbbf4a3b23f55a6512ca9bbf7ef4eda9ed26786a3ec","To Rome with Love",1,425488,"http://moviepal.tv/movies/394?socialize",44,"url",1
6431509,"",46,1,0,"2012-05-02 14:23:58","2012-06-21 14:35:36","425488:121370705418de4aadaf094ff6cbda525ce1fb918931da2df0226b818ba585fc609add197501e77655f7fb509f5e24357154956f8284633b284d70da8cc5fa78","The Best Exotic Marigold Hotel",1,425488,"http://moviepal.tv/movies/100?socialize",48,"url",1
7322837,"",49,0,0,"2012-05-06 20:38:24","2012-06-21 16:28:42","425488:ebde31d30bfa7600f5e5e05a12c3b8db791e7bc7a44a0ff332d3fd9f73ed0d466c4165cdfbda3fc329103d49312d377ec3a1ebff59006948ee879eecd4fd6e1b","That's My Boy",0,425488,"http://moviepal.tv/movies/301?socialize",49,"url",1
5547112,"",50,0,0,"2012-04-28 21:04:48","2012-05-24 17:24:22","425488:6956210e07775278c87f99d8f346eccea441834ae48693e90c01c71e87b6f135e3b169c31930fb397daf962e382ebcee5c351d1a71fb2a81c9c28fc4bf3d4a23","The Cabin in the Woods",0,425488,"http://moviepal.tv/movies/129?socialize",50,"url",1
6500797,"",49,1,0,"2012-05-02 23:53:38","2012-06-20 03:16:18","425488:f4cfbd81c883bd4fcd19e6d67784c2601efb2700fc3e17bdfc988b6798a7906e8365d934edecc3325c1bf55571fa97b0e182c454679fef652c3b834c7a14768d","Mirror Mirror",0,425488,"http://moviepal.tv/movies/50?socialize",50,"url",1
3856636,"",51,1,0,"2012-04-19 20:01:20","2012-05-12 04:50:55","425488:17b94a71bf657d302efcfb223d120ebf4302a8ddcbb9da633757a07358cd33b5798b45dde76a9ab0ca6a8965a54ac9b5efb9bbcd73113cf54bcf4d866f417b1f","LOL",0,425488,"http://moviepal.tv/movies/416?socialize",52,"url",1
6263116,"",58,0,0,"2012-05-01 20:23:48","2012-06-08 15:53:12","425488:ba8ec6c103e21fd877f304d030d63a4dede8ddbb2c0cc500039d050c1c2d8b16ec6cd26361767d03f17c699296627cabb23c14c047ad2a398a7b21a0baf2c354","The Pirates! Band of Misfits",0,425488,"http://moviepal.tv/movies/47?socialize",58,"url",1
6447707,"",57,0,0,"2012-05-02 16:49:17","2012-06-21 13:29:00","425488:5ac7fd479a78767cd8bff73407d79dfba2e8f77d54cd1597c4ca15fade32cae83d0a21e956a58fc565bfda2c9019d39dbfd4b42fc33275a86533dc8fd0fec234","The Watch",1,425488,"http://moviepal.tv/movies/297?socialize",58,"url",1
3532521,"",50,4,3,"2012-04-09 20:35:12","2012-04-12 22:08:09","425488:79d40a5ea8cd10049c5098cc8f18c7ecc31a5af6c11e9d73311a33536686b2d41a9dccc27b4628c92a014e3db0836455c88575d3c4928c93124c1fb824901247","",2,425488,"http://moviepal.tv/movies/53",59,"url",1
6233257,"",58,3,1,"2012-05-01 16:40:23","2012-06-22 02:47:16","425488:37bb5a0e73bf8baf29aa36ffe34e7c3a27328c4762593251f92755d465f96146cb446b1644133421f0010f1cea0d3962027b2f4de23b1f698772cce9a0bf3052","The Hobbit: An Unexpected Journey",0,425488,"http://moviepal.tv/movies/155?socialize",62,"url",1
6669024,"",62,0,0,"2012-05-03 19:00:35","2012-06-14 21:54:43","425488:c7f2eb203e5c39c41637e827472c37f8b98001b4bc6c0ef9acb68bd3aa4f0431ab198a3afffb8ab02ff6741baa59ab21a2159cd2bd59e50e056983ca75d1c584","Think Like a Man",0,425488,"http://moviepal.tv/movies/126?socialize",62,"url",1
6473617,"",62,1,0,"2012-05-02 20:25:47","2012-06-19 04:41:38","425488:872a8be2e699a7223c47d6e4fddd2b02de8f87cdf1d44830861876afce49fadb0f0de87540cb5b4bdde720d9caafb763909c2946341837e75d049c509d632c4b","The Lucky One",0,425488,"http://moviepal.tv/movies/124?socialize",63,"url",1
6444827,"",64,1,0,"2012-05-02 16:22:20","2012-06-22 03:58:17","425488:22ba849d9389e81002f4e3bb3565635e1d0424abe2a4339f27d4156a23629f6bc4556c50277e3a4509354abece6436cf2545532457d694c089c6e7426b84551b","House at the End of the Street",0,425488,"http://moviepal.tv/movies/366?socialize",65,"url",1
4406574,"",73,2,0,"2012-04-24 19:41:29","2012-06-22 03:56:53","425488:b4878d91cc045bcf35eaab7f558a16a9034f072a6a8eb4688724971a2f565b95de609a024735738ce823c94593004617e16bbd2a5583a74648e27355d1a89807","The Host",0,425488,"http://moviepal.tv/movies/334?socialize",75,"url",1
6495489,"",73,4,1,"2012-05-02 23:15:50","2012-06-22 18:53:16","425488:67f74a7ac329399cbfd42b2e63d5136fa334dbea5587bdf04ee1a5059ab53a9c5a70a2154f05738cffeff61502bca6ac3088066117b39c5c862c38e8fbceed39","Brave",0,425488,"http://moviepal.tv/movies/70?socialize",78,"url",1
8084951,"",77,0,0,"2012-05-10 22:37:49","2012-06-22 15:56:08","425488:78531f80fab62de9fe7d40e968fd15b5ab5eb4b29f2aacccda9e348113313fd385f477617efd79197627ea094e6deab17cc5da10ee89493dd7832dcff7d1d92b","End of Watch",2,425488,"http://moviepal.tv/movies/451?socialize",79,"url",1
3856471,"",78,4,0,"2012-04-19 19:59:43","2012-06-19 13:51:17","425488:d18fb5348bbd71a5846a2747e42a5b0b4dccb9c8c3420b4d74cb748e519ce393305b9c5ee7d4c4fef8d542a5e86e675d4a3aeff1583d775bd33476b23358508a","Looper",2,425488,"http://moviepal.tv/movies/391?socialize",84,"url",1
3856473,"",80,1,1,"2012-04-19 19:59:52","2012-06-22 03:43:38","425488:d68c2812733aaa6bb160d577b128e9e53e5e7d728ebdf65f5e850a20eb2e84755b5e7cc3a9ce340c5d8f95f48d35a04629883b97efa3f673ee551f493347b0ed","Magic Mike",2,425488,"http://moviepal.tv/movies/419?socialize",84,"url",1
6448095,"",86,0,0,"2012-05-02 16:53:07","2012-06-21 11:51:57","425488:cec62d2514242b171149cad8032897509b54d927dbcd6c14e09111184f0f1ddf52e4d311ffb82ad3ccb18ff8ac5ef048ef59b919f6bc0157d6d51e11fc105d04","Resident Evil: Retribution",0,425488,"http://moviepal.tv/movies/223?socialize",86,"url",1
6447880,"",85,2,0,"2012-05-02 16:50:53","2012-06-22 03:08:06","425488:db6cd00518fccbb7f3717f300427b50ad9f9390d6d57fe07c84b7b0a14b6708f32a8543eec9379ec339c757efadd9b0b555d473e83b161f9cac7fdc3197939cd","The Bourne Legacy",0,425488,"http://moviepal.tv/movies/257?socialize",87,"url",1
6260243,"",89,0,0,"2012-05-01 20:00:52","2012-06-21 22:01:24","425488:e8793fa349c356119a644f63a9b38cf858cf73a28464cc536c6d188cc7e62dbf2e06271740b66c322b8fc877aeca23dcd64ddc07518fc17227566939d95aaf9b","Rock of Ages",0,425488,"http://moviepal.tv/movies/149?socialize",89,"url",1
8083229,"",101,0,0,"2012-05-10 22:24:51","2012-06-19 13:00:11","425488:0538f1a30195aa93bed8602ceb6952ea13935f83dfad5f6f1c80fb4c7d19c3319794c80219c0dc1af06c20f63720f51300faaa2f391ea33a43fbfee5a4b1213d","Killer Joe",0,425488,"http://moviepal.tv/movies/456?socialize",101,"url",1
6460759,"",104,3,0,"2012-05-02 18:46:37","2012-06-22 02:46:57","425488:94823e352669135bbbbfb6524ca74762281e5a14d8520fc9478448acd12613f2666a5255fc6142e37cb105e3b2c525edab3486285cda8af991ccfb09269b9858","Abraham Lincoln: Vampire Hunter",0,425488,"http://moviepal.tv/movies/264?socialize",107,"url",1
3856561,"",102,6,1,"2012-04-19 20:00:59","2012-06-14 00:47:40","425488:421abaa81d8992ab7e5895aa5ae9176a201d48404cdf3765cf095ab7a1931e8cca66d0afea3dc575a27fdc166f400999fcc2ff178a8bb0c153607921f1d89691","Chernobyl Diaries",2,425488,"http://moviepal.tv/movies/325?socialize",111,"url",1
6429923,"",110,5,2,"2012-05-02 14:09:26","2012-06-20 22:58:42","425488:dc0ae5d42056f247e767ff311b868916ecf1ebabfd7e709fd727a7a6551d45c20747d09ad606db76da680687032394b0baddf51ac8d177cb7d4b4429d44c3c4e","The Hunger Games",0,425488,"http://moviepal.tv/movies/78?socialize",117,"url",1
6444507,"",114,2,1,"2012-05-02 16:19:28","2012-06-22 15:57:20","425488:7cc382453a6c2ad36a5724baf630bc6d28df2b3efbc4a5f4c3eec26c17fa948c03f83b7a536ce1395ff307901a8fa9fbac5b5d88f84377796206ae30125623f3","Total Recall",0,425488,"http://moviepal.tv/movies/345?socialize",117,"url",1
3857339,"",118,4,0,"2012-04-19 20:30:03","2012-06-21 14:36:28","425488:aa742a78018700011e071ad4743b19962a16327310d62adffe8da4d80948dfdd7b88b0a9a394b8cefa6c89bdbcdc1d4e0a03fe83cb2f23b03acfeaaf0d2ceaca","What to Expect When You're Expecting",0,425488,"http://moviepal.tv/movies/127?socialize",122,"url",1
6447605,"",117,4,0,"2012-05-02 16:48:12","2012-06-22 03:39:23","425488:d30dbf382260201b0f4e328275d8bbe0e3df16bfece6f537f571b5ad1c219e7fe3f81fc3ad220db409288b2033419c53aae2a07362d236e2160e4274bdf1984a","The Expendables 2",2,425488,"http://moviepal.tv/movies/144?socialize",123,"url",1
4674200,"",120,6,0,"2012-04-25 16:00:31","2012-06-21 05:26:45","425488:f91036c719c71e3db8043282386c72d7ca6c4989c23b99f96403fd5170f5c8bd83f4021070d51348f8ac4d337e10333ddedc18049d9efe0141fc73cf1899d0ad","G.I. Joe: Retaliation",2,425488,"http://moviepal.tv/movies/154?socialize",128,"url",1
10456653,"",120,2,3,"2012-05-23 21:32:36","2012-06-22 04:31:59","425488:620ee3485f739a19aa3765e3b9091f35e0a2ed50f1754b30e9241baeddd4a49d0717fab36735d4feaf76e50c4cf658c024a14f4d17e9189993f01f5feecb0f81","The Great Gatsby",3,425488,"http://moviepal.tv/movies/464?socialize",128,"url",1
6450483,"",137,0,1,"2012-05-02 17:16:07","2012-06-20 05:11:24","425488:d96461440619cdadd7ced83ab9ab5947ee82d8a6e3c39b29b0df4a7db6bdc1a4e9808820665a9cd034bb85d3ab49254a68f5a986e414480d42146b995a9b2ea3","Battleship",0,425488,"http://moviepal.tv/movies/119?socialize",138,"url",1
3630991,"",131,8,0,"2012-04-12 17:40:23","2012-06-22 06:51:57","425488:f7437ea11a71ea78ac4f3548cde0e71fd7908134ac8412683f2c0827199146db75057727ef48be43f3b42e8d16f789e943877f2173c2bdb08c9034ee568a6991","Ted",2,425488,"http://moviepal.tv/movies/379?socialize",141,"url",1
4406495,"",146,4,0,"2012-04-24 19:41:10","2012-06-22 16:34:41","425488:eba1e4cf0404e8d04f6e8e0cb76295a062fa9d80bbbbf3861893d6274a322fb94833d0c022da4369f4b798f36d402e47d88e2f4c3a5ad3fd0f4489d32933a17f","The Twilight Saga: Breaking Dawn - Part 2",1,425488,"http://moviepal.tv/movies/333?socialize",151,"url",1
6501233,"",147,3,0,"2012-05-02 23:56:31","2012-06-22 03:23:18","425488:27e677f8ba9f06ddca1c98330d9503868c5e9d08fc3687a9d2f7e4576017045ef74f0ce24a0ffa5d2cec6ae31366462d1f320cd0872efae4fd338cdbd244375c","Madagascar 3: Europe's Most Wanted",1,425488,"http://moviepal.tv/movies/131?socialize",151,"url",1
6486541,"",156,10,0,"2012-05-02 22:07:27","2012-06-20 23:30:10","425488:2874eeeeb6abaa55b756df6f4e7654fbbd444b60eff696003d6b32bd0db2b4535220d9fa49984f4fe9d5b5b4d55115152f8e26d768e5dd9d4748e367fa117308","Dark Shadows",1,425488,"http://moviepal.tv/movies/322?socialize",167,"url",1
6446284,"",162,6,0,"2012-05-02 16:36:21","2012-06-20 13:25:01","425488:79eab63d58fa577fe0e82efdf26d280d5042963bd915eb423b56b40d3547de090dae17b954a118e1cf3ef2cdccd35f32809163916e639deef6adca0da25b935b","The Dictator",1,425488,"http://moviepal.tv/movies/159?socialize",169,"url",1
6239563,"",199,6,0,"2012-05-01 17:35:01","2012-06-22 03:07:21","425488:a0d5e30436e135759e84abc0031094c439eee92f4839b0637b806ebdfe8ce5dff8843babede3f0da9a69347de55df21150e1b4641e703bb79e7654c40bf5de70","Men in Black III",3,425488,"http://moviepal.tv/movies/147?socialize",208,"url",1
6446923,"",208,6,0,"2012-05-02 16:41:54","2012-06-22 05:20:58","425488:1af74a6eb12b08a724b1d440e1f8cac3dee4d571812fb9574f020de611b87b4f5ef646d45efeac2d6898923aa3223ea2f72db9b0fea6be44749fb3b8a052ebae","The Dark Knight Rises",2,425488,"http://moviepal.tv/movies/74?socialize",216,"url",1
6431781,"",210,9,2,"2012-05-02 14:26:27","2012-06-22 15:42:38","425488:9d939e0a919a2f0f876fcb6caa569033739ccd42c05755f3a0c2cdb9f2909f363cc4571bb99f5d7be614a9b137b1f59a4f267b3d5425a2b53b498aa372529608","Skyfall",5,425488,"http://moviepal.tv/movies/356?socialize",226,"url",1
4069321,"",228,5,1,"2012-04-23 18:57:06","2012-06-20 22:57:57","425488:e871a77e406c4231bb6026acf444ae3f437f6837e735768da3a665ad5bf196782cc6f86b495db49ae8042c2a64d27109efc62845bc25d4e42b415882715e3223","Prometheus",0,425488,"http://moviepal.tv/movies/150?socialize",234,"url",1
6462490,"",224,7,0,"2012-05-02 19:00:43","2012-06-22 02:42:25","425488:e688eb7eb96fe5fbd3c4737c16601bc8c31c6d2dbafe08c27aa660ed22597dc4815a4d594e45d28a9046d6f8d7601c9ff3f4a3a8854f9721ea67c2e6c633d4cb","The Amazing Spider-Man",3,425488,"http://moviepal.tv/movies/92?socialize",234,"url",1
6496152,"",241,9,0,"2012-05-02 23:21:04","2012-06-22 03:11:09","425488:ef5221816bfaedef111b8f3e6145c5a943c498bf350f234eaaff053cce945429d567a1de4be096a44355f9d615357008e3c82feb4999c781f4f3e3c9da0002a0","Snow White and the Huntsman",0,425488,"http://moviepal.tv/movies/61?socialize",250,"url",1
3630985,"",560,25,7,"2012-04-12 17:40:13","2012-06-22 02:43:30","425488:613e8f60f23a3714575e61223fc5338254bdb20157bb5a4b83b437e0863a1737880a371f91c403a865dc3b998cd77e2ac1336c0872c64ca5b2927f2c575bb0e7","Marvel's The Avengers",1,425488,"http://moviepal.tv/movies/53?socialize",593,"url",1
